stime,open,high,low,close,volume,amount
20191218,0.925,0.936,0.925,0.926,181702,16838006.0
20191219,0.932,0.932,0.924,0.927,54068,5007156.0
20191220,0.926,0.927,0.916,0.918,111975,10297060.0
20191223,0.916,0.918,0.902,0.902,117371,10661306.0
20191224,0.904,0.91,0.903,0.909,16901,1531222.0
20191225,0.909,0.915,0.908,0.912,19228,1755393.0
20191226,0.913,0.918,0.912,0.918,26053,2381717.0
20191227,0.92,0.925,0.912,0.914,26229,2416569.0
20191230,0.915,0.922,0.906,0.921,10473,959005.0
20191231,0.921,0.926,0.92,0.926,19559,1804666.0
20200102,0.929,0.95,0.929,0.947,37453,3534113.0
20200103,0.948,0.952,0.945,0.948,15406,1461450.0
20200106,0.944,0.964,0.944,0.956,23066,2212372.0
20200107,0.953,0.959,0.953,0.959,14335,1371325.0
20200108,0.959,0.959,0.949,0.951,2995,285291.0
20200109,0.95,0.955,0.95,0.955,2804,267177.0
20200110,0.955,0.955,0.945,0.948,17975,1704406.0
20200113,0.958,0.958,0.947,0.957,21072,2005009.0
20200114,0.957,0.96,0.951,0.955,14540,1391602.0
20200115,0.903,0.962,0.903,0.95,4826,453371.0
20200116,0.947,0.951,0.946,0.948,20389,1934726.0
20200117,0.946,0.947,0.939,0.94,19831,1870706.0
20200120,0.94,0.95,0.939,0.949,12251,1159051.0
20200121,0.945,0.946,0.936,0.936,19904,1871609.0
20200122,0.922,0.943,0.922,0.941,12952,1211649.0
20200123,0.934,0.934,0.905,0.912,29165,2684393.0
20200203,0.88,0.88,0.821,0.821,4847,401424.0
20200204,0.821,0.833,0.815,0.833,265313,21969408.0
20200205,0.85,0.855,0.84,0.842,131030,11098249.0
20200206,0.842,0.862,0.84,0.859,181081,15339414.0
20200207,0.859,0.865,0.851,0.865,8749,749697.0
20200210,0.861,0.875,0.861,0.874,14138,1229060.0
20200211,0.87,0.878,0.87,0.876,18868,1651417.0
20200212,0.876,0.886,0.871,0.886,11397,1002034.0
20200213,0.892,0.892,0.881,0.883,549526,48748960.0
20200214,0.883,0.89,0.881,0.883,204603,18159310.0
20200217,0.895,0.914,0.894,0.914,1871786,169663840.0
20200218,0.916,0.924,0.914,0.921,1104358,101503280.0
20200219,0.92,0.93,0.915,0.922,205835,19063838.0
20200220,0.923,0.93,0.914,0.929,562634,52179380.0
20200221,0.929,0.948,0.929,0.943,1614378,152066768.0
20200224,0.94,0.954,0.939,0.947,2001755,189680752.0
20200225,0.933,0.941,0.908,0.937,1657708,154504624.0
20200226,0.925,0.949,0.925,0.935,670441,63030304.0
20200227,0.935,0.945,0.929,0.936,171179,16082265.0
20200228,0.918,0.923,0.903,0.906,18265,1668500.0
20200302,0.912,0.943,0.911,0.938,2050033,191967216.0
20200303,0.955,0.979,0.938,0.946,2665157,253801696.0
20200304,0.965,0.965,0.941,0.953,2029794,192958368.0
20200305,0.966,0.973,0.957,0.967,2794662,269403424.0
20200306,0.957,0.961,0.95,0.954,3452226,329234048.0
20200309,0.934,0.936,0.919,0.921,1120375,104213928.0
20200310,0.92,0.941,0.906,0.94,31490,2932590.0
20200311,0.94,0.952,0.933,0.935,8517,804455.0
20200312,0.937,0.937,0.914,0.921,5859,536914.0
20200313,0.9,0.921,0.885,0.913,9587,866159.0
20200316,0.914,0.917,0.881,0.883,3582,324332.0
20200317,0.884,0.884,0.854,0.877,2249,195725.0
20200318,0.894,0.897,0.868,0.869,12379,1095919.0
20200319,0.867,0.873,0.846,0.867,21695,1874660.0
20200320,0.87,0.873,0.862,0.872,2602,226141.0
20200323,0.854,0.861,0.841,0.841,12590,1073341.0
20200324,0.853,0.854,0.836,0.853,4652,395175.0
20200325,0.883,0.883,0.858,0.869,8699,753165.0
20200326,0.859,0.864,0.853,0.853,1229,105362.0
20200327,0.855,0.873,0.855,0.859,9055,787059.0
20200330,0.851,0.855,0.841,0.851,1223,103334.0
20200331,0.845,0.855,0.842,0.844,2244,190407.0
20200401,0.846,0.848,0.836,0.836,3031,255482.0
20200402,0.835,0.852,0.834,0.851,1205545,101299296.0
20200403,0.847,0.849,0.841,0.843,250818,21256302.0
20200407,0.858,0.865,0.853,0.863,1207217,104025672.0
20200408,0.861,0.867,0.857,0.862,712102,61523360.0
20200409,0.869,0.872,0.866,0.867,276804,24097626.0
20200410,0.876,0.876,0.851,0.851,151243,13053524.0
20200413,0.855,0.855,0.844,0.852,1259,106941.0
20200414,0.856,0.865,0.856,0.863,1110929,95628304.0
20200415,0.861,0.864,0.859,0.859,101300,8743146.0
20200416,0.86,0.863,0.853,0.859,643101,55285820.0
20200417,0.867,0.875,0.866,0.869,658200,57374984.0
20200420,0.873,0.876,0.869,0.876,781019,68252928.0
20200421,0.869,0.87,0.863,0.869,901,78100.0
20200422,0.869,0.871,0.863,0.87,200570,17439454.0
20200423,0.877,0.877,0.865,0.865,1296,112521.0
20200424,0.867,0.867,0.853,0.856,39543,3383413.0
20200427,0.867,0.867,0.856,0.859,471002,40452132.0
20200428,0.851,0.851,0.829,0.844,59238,4998591.0
20200429,0.843,0.849,0.843,0.845,442787,37415248.0
20200430,0.852,0.866,0.852,0.864,1611647,138970672.0
20200506,0.864,0.877,0.864,0.876,984762,85755472.0
20200507,0.876,0.876,0.869,0.871,2000,174977.0
20200508,0.879,0.88,0.873,0.877,844411,74010600.0
20200511,0.881,0.886,0.876,0.876,222554,19632854.0
20200512,0.876,0.876,0.869,0.872,31497,2744464.0
20200513,0.877,0.877,0.87,0.873,2280,198785.0
20200514,0.874,0.874,0.864,0.864,3475,301173.0
20200515,0.864,0.867,0.862,0.862,9868,850868.0
20200518,0.864,0.869,0.862,0.862,1115,96805.0
20200519,0.869,0.869,0.866,0.869,1322,114836.0
20200520,0.867,0.868,0.86,0.864,1535,132901.0
20200521,0.865,0.865,0.85,0.85,10292,886813.0
20200522,0.851,0.851,0.833,0.835,7658,640880.0
20200525,0.835,0.835,0.824,0.824,4022,332799.0
20200526,0.833,0.833,0.829,0.833,3050,253769.0
20200527,0.832,0.832,0.825,0.827,3375,279522.0
20200528,0.827,0.831,0.82,0.828,6320,523047.0
20200529,0.826,0.826,0.822,0.824,4509,370876.0
20200601,0.84,0.844,0.831,0.844,8931,749694.0
20200602,0.841,0.849,0.841,0.847,3409,287747.0
20200603,0.847,0.849,0.846,0.848,2905,246386.0
20200604,0.842,0.843,0.838,0.839,1213,101932.0
20200605,0.839,0.841,0.834,0.841,1116,93535.0
20200608,0.841,0.848,0.841,0.845,2508,212056.0
20200609,0.843,0.848,0.843,0.848,34455,2912494.0
20200610,0.843,0.843,0.839,0.842,137979,11597376.0
20200611,0.84,0.844,0.834,0.836,604371,50858668.0
20200612,0.825,0.834,0.823,0.832,640156,52935264.0
20200615,0.826,0.832,0.825,0.828,676472,56066720.0
20200616,0.832,0.836,0.83,0.836,499400,41577168.0
20200617,0.837,0.84,0.835,0.84,7453,624311.0
20200618,0.835,0.847,0.835,0.844,4152,350519.0
20200619,0.851,0.851,0.842,0.848,3205,270945.0
20200622,0.847,0.849,0.844,0.844,186934,15808991.0
20200623,0.842,0.843,0.839,0.842,6065,509986.0
20200624,0.842,0.843,0.839,0.842,513674,43221856.0
20200629,0.837,0.838,0.83,0.832,1829207,152555728.0
20200630,0.84,0.862,0.834,0.839,1825922,152809456.0
20200701,0.84,0.848,0.839,0.847,1491754,125559528.0
20200702,0.854,0.868,0.847,0.868,2505166,214261216.0
20200703,0.872,0.884,0.872,0.884,2776833,244206480.0
20200706,0.9,0.942,0.9,0.94,3536612,326802080.0
20200707,0.967,0.972,0.936,0.944,2795063,267109056.0
20200708,0.955,0.977,0.944,0.97,478973,45897520.0
20200709,0.97,1.001,0.963,0.995,418181,41428252.0
20200710,0.996,0.998,0.972,0.98,64058,6307664.0
20200713,0.98,0.997,0.974,0.994,173979,17229104.0
20200714,0.994,1.003,0.971,0.985,29001,2870415.0
20200715,0.992,0.993,0.953,0.955,51237,4957031.0
20200716,0.955,0.97,0.91,0.918,16467,1561472.0
20200717,0.937,0.94,0.925,0.929,320445,29828080.0
20200720,0.929,0.986,0.929,0.978,905132,87956776.0
20200721,0.981,0.998,0.965,0.972,154286,15030155.0
20200722,0.972,0.992,0.956,0.975,267780,26331796.0
20200723,0.975,0.978,0.956,0.978,258845,25234190.0
20200724,0.966,0.978,0.943,0.947,65714,6351361.0
20200727,0.946,0.948,0.934,0.94,405049,38069528.0
20200728,0.945,0.949,0.937,0.943,307791,29051296.0
20200729,0.961,0.961,0.934,0.96,1405256,133940672.0
20200730,0.963,0.967,0.953,0.958,157575,15163715.0
20200731,0.96,0.973,0.956,0.963,116513,11264557.0
20200803,0.955,0.993,0.953,0.992,1614174,159307088.0
20200804,0.99,0.992,0.98,0.989,691594,68215232.0
20200805,0.989,0.997,0.981,0.99,14153,1398796.0
20200806,0.99,1.0,0.982,0.998,306138,30495820.0
20200807,0.99,1.001,0.985,0.999,143726,14360623.0
20200810,1.0,1.015,0.997,1.011,437995,43959168.0
20200811,1.005,1.014,0.994,0.995,436172,43941356.0
20200812,0.995,0.995,0.968,0.983,34603,3391288.0
20200813,0.983,0.992,0.983,0.986,10245,1012865.0
20200814,0.986,0.995,0.983,0.995,140578,13964137.0
20200817,0.995,1.017,0.994,1.017,1274730,129076912.0
20200818,1.019,1.019,1.012,1.015,258073,26169484.0
20200819,1.017,1.017,1.001,1.012,20237,2045788.0
20200820,0.999,1.003,0.987,0.99,21726,2161726.0
20200821,0.995,0.997,0.986,0.99,189038,18734234.0
20200824,0.985,0.998,0.985,0.992,17099,1699701.0
20200825,0.993,0.999,0.982,0.982,3591,355084.0
20200826,0.981,0.981,0.962,0.97,5557,540734.0
20200827,0.964,0.97,0.957,0.97,772761,74634352.0
20200828,0.97,0.987,0.97,0.986,626773,61161260.0
20200831,0.988,0.992,0.981,0.981,17271,1703691.0
20200901,0.978,0.986,0.978,0.981,12588,1237643.0
20200902,0.979,0.982,0.972,0.982,17847,1743353.0
20200903,0.98,0.981,0.972,0.972,11196,1094603.0
20200904,0.963,0.964,0.956,0.964,10715,1030691.0
20200907,0.96,0.97,0.948,0.97,9569,922882.0
20200908,0.955,0.96,0.949,0.957,8059,768105.0
20200909,0.937,0.953,0.937,0.948,11451,1086873.0
20200910,0.952,0.954,0.927,0.932,27631,2599128.0
20200911,0.928,0.936,0.92,0.936,36889,3418941.0
20200914,0.917,0.941,0.917,0.936,4864,454584.0
20200915,0.94,0.943,0.938,0.943,13476,1268482.0
20200916,0.943,0.945,0.941,0.942,1404,132563.0
20200917,0.936,0.953,0.936,0.953,11184,1046847.0
20200918,0.953,0.96,0.95,0.957,10901,1040320.0
20200921,0.968,0.971,0.963,0.963,8881,858186.0
20200922,0.943,0.959,0.933,0.947,1490,141481.0
20200923,0.948,0.948,0.943,0.943,3838,362888.0
20200924,0.931,0.931,0.926,0.93,280,26027.0
20200925,0.929,0.929,0.921,0.924,1015,93911.0
20200928,0.924,0.924,0.924,0.924,0,0.0
20200929,0.932,0.937,0.932,0.935,1124,105299.0
20200930,0.935,0.935,0.916,0.921,1800,167256.0
20201009,0.937,0.949,0.937,0.947,92086,8717331.0
20201012,0.947,0.971,0.947,0.97,6499,626584.0
20201013,0.966,0.974,0.965,0.974,6090,590642.0
20201014,0.974,0.974,0.966,0.969,16946,1643530.0
20201015,0.97,0.977,0.97,0.97,4345,422265.0
20201016,0.969,0.97,0.96,0.961,7259,698675.0
20201019,0.968,0.974,0.961,0.961,4714,457584.0
20201020,0.954,0.961,0.953,0.961,392,37565.0
20201021,0.957,0.957,0.95,0.952,1723,164409.0
20201022,0.945,0.951,0.945,0.949,5828,552896.0
20201023,0.957,0.959,0.946,0.946,1296,123223.0
20201026,0.951,0.959,0.951,0.958,5097,486423.0
20201027,0.954,0.956,0.951,0.956,1830,174432.0
20201028,0.955,0.957,0.945,0.956,4681,443647.0
20201029,0.951,0.965,0.951,0.962,41417,3988773.0
20201030,0.965,0.965,0.95,0.95,3787,363378.0
20201102,0.946,0.952,0.945,0.951,7447,707357.0
20201103,0.954,0.968,0.954,0.966,3992,383128.0
20201104,0.967,0.972,0.967,0.972,3728,361774.0
20201105,0.973,0.989,0.973,0.988,27975,2744066.0
20201106,0.989,0.99,0.983,0.987,13510,1335643.0
20201109,0.968,1.007,0.968,1.003,22335,2235266.0
20201110,1.003,1.005,0.994,0.999,3563,357157.0
20201111,0.998,1.001,0.997,0.997,7458,746006.0
20201112,0.994,0.996,0.989,0.989,3230,320582.0
20201113,0.981,0.988,0.981,0.983,1825,179550.0
20201116,0.997,1.004,0.993,1.004,2119,212003.0
20201117,1.005,1.006,0.998,0.998,2087,208863.0
20201118,1.003,1.006,1.0,1.004,8326,836007.0
20201119,1.004,1.014,1.004,1.013,7551,761392.0
20201120,1.012,1.017,1.009,1.017,5813,590569.0
20201123,1.016,1.035,1.015,1.029,10453,1066392.0
20201124,1.032,1.038,1.03,1.037,12098,1251457.0
20201125,1.043,1.044,1.026,1.026,7192,749860.0
20201126,1.022,1.022,1.014,1.02,1816,184980.0
20201127,1.023,1.033,1.02,1.033,4043,414763.0
20201130,1.039,1.052,1.034,1.034,2930,306045.0
20201201,1.032,1.05,1.032,1.05,13221,1369934.0
20201202,1.05,1.051,1.04,1.043,8602,899136.0
20201203,1.046,1.046,1.029,1.029,2004,206838.0
20201204,1.027,1.03,1.023,1.028,6996,717155.0
20201207,1.026,1.026,1.02,1.02,3229,329415.0
20201208,1.0,1.042,0.926,1.02,4096,417359.0
20201209,1.017,1.017,1.005,1.005,526,53113.0
20201210,1.022,1.022,0.996,1.0,1002,99949.0
20201211,0.996,0.996,0.979,0.985,1088,106974.0
20201214,0.985,0.991,0.984,0.989,874,86398.0
20201215,0.989,0.999,0.989,0.995,1420,141575.0
20201216,0.995,0.995,0.992,0.992,59,5869.0
20201217,0.989,1.0,0.989,1.0,542,54004.0
20201218,1.009,1.013,1.002,1.007,1381,138569.0
20201221,1.008,1.022,1.008,1.022,3157,320159.0
20201222,1.018,1.018,0.999,0.999,6629,672960.0
20201223,0.999,1.017,0.999,1.014,9152,920692.0
20201224,1.02,1.022,1.012,1.015,17685,1793921.0
20201225,1.011,1.023,1.011,1.022,631,64506.0
20201228,1.021,1.021,1.013,1.015,4801,488809.0
20201229,1.016,1.016,1.008,1.008,2220,224841.0
20201230,1.01,1.02,1.008,1.015,5310,537724.0
20201231,1.026,1.035,1.024,1.033,3609,371691.0
20210104,1.034,1.06,1.034,1.058,29312,3080352.0
20210105,1.059,1.065,1.052,1.065,18811,1995446.0
20210106,1.065,1.079,1.062,1.073,19671,2104191.0
20210107,1.071,1.115,1.071,1.112,13881,1511378.0
20210108,1.16,1.169,1.085,1.095,18823,2061664.0
20210111,1.09,1.106,1.07,1.073,22580,2482651.0
20210112,1.084,1.095,1.076,1.095,7197,779244.0
20210113,1.079,1.17,1.079,1.169,43354,4797483.0
20210114,1.159,1.169,1.101,1.129,89794,9974331.0
20210115,1.116,1.116,1.07,1.09,26076,2858594.0
20210118,1.09,1.109,1.09,1.101,10805,1190906.0
20210119,1.102,1.106,1.088,1.089,8947,984963.0
20210120,1.093,1.105,1.093,1.1,8613,947055.0
20210121,1.101,1.117,1.1,1.111,7418,821703.0
20210122,1.105,1.113,1.099,1.11,7187,794732.0
20210125,1.109,1.124,1.103,1.107,13064,1455146.0
20210126,1.103,1.106,1.086,1.086,6006,659588.0
20210127,1.083,1.091,1.08,1.089,4446,482824.0
20210128,1.075,1.077,1.056,1.056,5830,620418.0
20210129,1.065,1.066,1.033,1.066,3937,413179.0
20210201,1.066,1.066,1.04,1.041,2710,282939.0
20210202,1.051,1.062,1.051,1.06,4217,446051.0
20210203,1.06,1.06,1.043,1.043,1070,112587.0
20210204,1.034,1.037,1.019,1.034,5028,519046.0
20210205,1.031,1.031,1.014,1.016,1894,193380.0
20210208,1.016,1.034,1.012,1.034,894,91561.0
20210209,1.036,1.067,1.036,1.066,6588,700202.0
20210210,1.066,1.075,1.063,1.07,11725,1255353.0
20210218,1.091,1.096,1.081,1.088,3186,346624.0
20210219,1.088,1.101,1.08,1.1,3979,433175.0
20210222,1.1,1.119,1.1,1.103,10436,1163372.0
20210223,1.096,1.108,1.092,1.092,1590,174552.0
20210224,1.095,1.095,1.067,1.083,2508,271260.0
20210225,1.091,1.097,1.085,1.086,8065,880013.0
20210226,1.064,1.074,1.064,1.068,2185,233305.0
20210301,1.076,1.088,1.073,1.088,746,80474.0
20210302,1.087,1.091,1.079,1.081,373,40395.0
20210303,1.084,1.098,1.084,1.098,423,46266.0
20210304,1.093,1.095,1.08,1.08,1051,114398.0
20210305,1.065,1.084,1.065,1.076,140,15074.0
20210308,1.094,1.094,1.056,1.056,7721,826879.0
20210309,1.038,1.056,1.031,1.052,1214,127170.0
20210310,1.046,1.046,1.028,1.028,932,97018.0
20210311,1.032,1.047,1.032,1.046,445,46292.0
20210312,1.054,1.069,1.054,1.067,186,19844.0
20210315,1.062,1.07,1.058,1.064,1162,123643.0
20210316,1.075,1.075,1.063,1.066,943,100519.0
20210317,1.063,1.063,1.057,1.058,329,34828.0
20210318,1.066,1.07,1.066,1.067,37,3949.0
20210319,1.057,1.059,1.048,1.048,561,59331.0
20210322,1.048,1.075,1.048,1.074,4282,458412.0
20210323,1.074,1.075,1.058,1.058,711,75695.0
20210324,1.053,1.053,1.035,1.04,5011,519492.0
20210325,1.033,1.039,1.031,1.033,773,79961.0
20210326,1.033,1.058,1.033,1.054,385,40282.0
20210329,1.059,1.066,1.059,1.065,499,52985.0
20210330,1.061,1.065,1.059,1.061,5915,627340.0
20210331,1.061,1.068,1.058,1.068,2002,212414.0
20210401,1.09,1.09,1.067,1.074,3272,349997.0
20210402,1.073,1.075,1.066,1.07,1246,133696.0
20210406,1.068,1.073,1.068,1.073,3777,404639.0
20210407,1.067,1.074,1.067,1.074,1328,142325.0
20210408,1.068,1.077,1.068,1.072,1609,172367.0
20210409,1.072,1.078,1.07,1.07,564,60468.0
20210412,1.068,1.068,1.055,1.055,27,2881.0
20210413,1.055,1.055,1.045,1.046,129,13513.0
20210414,1.054,1.055,1.054,1.055,11,1160.0
20210415,1.055,1.055,1.055,1.055,0,0.0
20210416,1.058,1.067,1.058,1.067,147,15607.0
20210419,1.071,1.083,1.071,1.082,1301,140793.0
20210420,1.083,1.085,1.083,1.083,1701,184482.0
20210421,1.067,1.072,1.067,1.072,1612,172279.0
20210422,1.094,1.095,1.071,1.072,446,48275.0
20210423,1.076,1.076,1.07,1.07,81,8699.0
20210426,1.081,1.082,1.07,1.071,1170,126311.0
20210427,1.051,1.056,1.051,1.054,595,62605.0
20210428,1.06,1.065,1.06,1.063,1714,181857.0
20210429,1.06,1.066,1.06,1.065,55,5848.0
20210430,1.06,1.06,1.055,1.055,88,9295.0
20210506,1.063,1.063,1.06,1.062,70,7425.0
20210507,1.069,1.075,1.061,1.065,182,19406.0
20210510,1.053,1.067,1.053,1.066,1451,154451.0
20210511,1.053,1.071,1.048,1.068,517,55001.0
20210512,1.066,1.073,1.066,1.073,2001,214507.0
20210513,1.065,1.069,1.056,1.056,39,4155.0
20210514,1.059,1.069,1.055,1.069,185,19676.0
20210517,1.082,1.082,1.077,1.077,35,3779.0
20210518,1.079,1.084,1.079,1.084,1646,177814.0
20210519,1.08,1.08,1.076,1.076,8,862.0
20210520,1.073,1.074,1.072,1.074,680,72950.0
20210521,1.067,1.073,1.067,1.073,83,8889.0
20210524,1.069,1.069,1.062,1.062,138,14670.0
20210525,1.064,1.079,1.064,1.078,1794,192008.0
20210526,1.079,1.087,1.079,1.082,4311,466694.0
20210527,1.084,1.085,1.081,1.084,2417,261752.0
20210528,1.091,1.092,1.085,1.086,219,23873.0
20210531,1.092,1.093,1.09,1.093,3064,334492.0
20210601,1.088,1.091,1.088,1.091,109,11889.0
20210602,1.091,1.092,1.084,1.087,412380,44888360.0
20210603,1.085,1.095,1.082,1.082,437,47639.0
20210604,1.08,1.095,1.08,1.089,640127,69276840.0
20210607,1.09,1.092,1.09,1.092,5495,599851.0
20210608,1.088,1.093,1.085,1.089,511150,55734992.0
20210609,1.09,1.097,1.09,1.097,852121,93227400.0
20210610,1.206,1.206,1.092,1.105,7919,871199.0
20210611,1.101,1.101,1.091,1.092,6843,750729.0
20210615,1.1,1.1,1.084,1.084,155,16813.0
20210616,1.081,1.086,1.075,1.076,68,7352.0
20210617,1.078,1.078,1.073,1.073,103668,11151830.0
20210618,1.074,1.08,1.074,1.08,10240,1101592.0
20210621,1.076,1.088,1.076,1.088,125,13552.0
20210622,1.091,1.097,1.09,1.094,12529,1371203.0
20210623,1.098,1.11,1.098,1.109,29942,3300225.0
20210624,1.11,1.113,1.109,1.111,26070,2896211.0
20210625,1.12,1.12,1.107,1.115,2632,293394.0
20210628,1.119,1.119,1.112,1.114,641,71336.0
20210629,1.11,1.113,1.104,1.104,175,19361.0
20210630,1.106,1.115,1.101,1.114,1488,164137.0
20210701,1.114,1.114,1.105,1.105,1207,133756.0
20210702,1.096,1.096,1.092,1.092,767,84021.0
20210705,1.092,1.092,1.092,1.092,0,0.0
20210706,1.098,1.098,1.083,1.084,99,10812.0
20210707,1.093,1.107,1.093,1.107,2660,293550.0
20210708,1.107,1.107,1.107,1.107,154,17048.0
20210709,1.1,1.11,1.098,1.108,8150,899639.0
20210712,1.117,1.127,1.117,1.123,14426,1623163.0
20210713,1.114,1.133,1.114,1.13,24815,2798409.0
20210714,1.125,1.126,1.118,1.118,674,75617.0
20210715,1.115,1.129,1.115,1.125,613,68975.0
20210716,1.128,1.138,1.128,1.136,368,41587.0
20210719,1.134,1.134,1.12,1.126,1300,146631.0
20210720,1.117,1.128,1.117,1.128,57,6384.0
20210721,1.132,1.141,1.13,1.141,10560,1196171.0
20210722,1.145,1.15,1.144,1.147,28121,3222329.0
20210723,1.156,1.162,1.156,1.162,11509,1335750.0
20210726,1.161,1.162,1.145,1.154,6547,758245.0
20210727,1.16,1.162,1.134,1.142,23149,2683080.0
20210728,1.142,1.142,1.11,1.11,1546,171720.0
20210729,1.119,1.133,1.119,1.129,808,91039.0
20210730,1.242,1.242,1.12,1.151,3859,444286.0
20210802,1.148,1.176,1.148,1.173,11838,1382922.0
20210803,1.162,1.184,1.161,1.163,7039,818292.0
20210804,1.163,1.18,1.163,1.18,19573,2295495.0
20210805,1.169,1.181,1.16,1.18,13257,1557782.0
20210806,1.18,1.181,1.176,1.181,280,32986.0
20210809,1.181,1.189,1.177,1.189,8954,1062512.0
20210810,1.189,1.199,1.189,1.196,6493,777453.0
20210811,1.207,1.21,1.203,1.21,1635,197708.0
20210812,1.21,1.214,1.209,1.211,419,50723.0
20210813,1.209,1.21,1.201,1.203,1915,230864.0
20210816,1.203,1.205,1.201,1.201,297,35729.0
20210817,1.212,1.213,1.19,1.19,57,6828.0
20210818,1.189,1.207,1.189,1.207,478,57452.0
20210819,1.208,1.211,1.195,1.206,622236,74932952.0
20210820,1.199,1.211,1.196,1.204,104654,12606145.0
20210823,1.205,1.234,1.205,1.234,1309060,159162576.0
20210824,1.234,1.234,1.225,1.234,12342,1517600.0
20210825,1.228,1.25,1.228,1.249,22231,2762677.0
20210826,1.251,1.261,1.249,1.249,17515,2198855.0
20210827,1.259,1.259,1.243,1.259,4674,585378.0
20210830,1.271,1.277,1.264,1.276,38660,4921731.0
20210831,1.276,1.4,1.267,1.343,20232,2581093.0
20210901,1.404,1.404,1.291,1.305,45391,5980815.0
20210902,1.301,1.35,1.301,1.35,17995,2386284.0
20210903,1.351,1.363,1.323,1.335,29220,3915474.0
20210906,1.348,1.354,1.328,1.346,54034,7246224.0
20210907,1.346,1.376,1.34,1.372,25885,3528351.0
20210908,1.373,1.388,1.37,1.384,10150,1399730.0
20210909,1.383,1.414,1.37,1.413,15822,2216016.0
20210910,1.414,1.433,1.396,1.412,34489,4869611.0
20210913,1.43,1.43,1.402,1.415,33789,4764446.0
20210914,1.412,1.412,1.372,1.38,25922,3605775.0
20210915,1.376,1.394,1.367,1.379,17173,2374823.0
20210916,1.392,1.397,1.35,1.354,12912,1783198.0
20210917,1.366,1.384,1.337,1.362,29941,4058258.0
20210922,1.371,1.4,1.348,1.396,47721,6657760.0
20210923,1.4,1.42,1.393,1.405,25353,3549554.0
20210924,1.393,1.4,1.37,1.373,11697,1618348.0
20210927,1.373,1.381,1.315,1.324,83063,11064674.0
20210928,1.323,1.35,1.323,1.349,130258,17383196.0
20210929,1.345,1.35,1.31,1.31,403628,53922676.0
20210930,1.318,1.328,1.308,1.32,37638,4946215.0
20211008,1.32,1.337,1.3,1.308,8050,1056104.0
20211011,1.307,1.307,1.285,1.285,16293,2121578.0
20211012,1.285,1.285,1.24,1.253,9563,1209996.0
20211013,1.249,1.249,1.229,1.246,29588,3684878.0
20211014,1.249,1.268,1.243,1.257,28038,3522980.0
20211015,1.257,1.266,1.25,1.262,8186,1027989.0
20211018,1.262,1.29,1.25,1.29,2378,303694.0
20211019,1.278,1.298,1.276,1.292,2267,292367.0
20211020,1.292,1.3,1.286,1.292,1405,182144.0
20211021,1.297,1.303,1.288,1.294,896,116121.0
20211022,1.294,1.294,1.275,1.276,1059,135894.0
20211025,1.288,1.304,1.276,1.304,1582,204574.0
20211026,1.309,1.322,1.3,1.304,837,109686.0
20211027,1.305,1.308,1.292,1.297,1529,198534.0
20211028,1.29,1.292,1.274,1.277,12532,1599560.0
20211029,1.273,1.283,1.258,1.283,961,122075.0
20211101,1.277,1.29,1.277,1.285,6353,812846.0
20211102,1.285,1.285,1.258,1.269,5373,683041.0
20211103,1.263,1.276,1.261,1.27,10340,1312052.0
20211104,1.275,1.28,1.275,1.278,2651,338542.0
20211105,1.273,1.273,1.252,1.262,37750,4772890.0
20211108,1.25,1.254,1.245,1.25,1536,192357.0
20211109,1.258,1.258,1.248,1.258,18454,2316884.0
20211110,1.25,1.252,1.237,1.251,2550,317762.0
20211111,1.251,1.261,1.246,1.261,8219,1030884.0
20211112,1.262,1.276,1.262,1.276,1171,148629.0
20211115,1.276,1.283,1.263,1.266,2037,259997.0
20211116,1.259,1.265,1.243,1.243,4714,591923.0
20211117,1.243,1.255,1.238,1.255,1223,152641.0
20211118,1.254,1.266,1.253,1.26,17830,2244700.0
20211119,1.262,1.274,1.257,1.272,2576,326638.0
20211122,1.276,1.28,1.273,1.278,20495,2618601.0
20211123,1.266,1.292,1.17,1.287,13430,1723214.0
20211124,1.287,1.287,1.274,1.278,1496,191115.0
20211125,1.279,1.293,1.279,1.29,2025,260124.0
20211126,1.29,1.29,1.276,1.278,1265,162015.0
20211129,1.278,1.285,1.261,1.279,10789,1372742.0
20211130,1.285,1.296,1.279,1.286,8203,1061531.0
20211201,1.286,1.291,1.28,1.291,11592,1491217.0
20211202,1.289,1.31,1.28,1.305,13177,1707064.0
20211203,1.305,1.335,1.292,1.334,16065,2109837.0
20211206,1.337,1.349,1.324,1.327,8231,1101068.0
20211207,1.311,1.34,1.311,1.332,1130479,150105296.0
20211208,1.333,1.345,1.33,1.345,424762,56671288.0
20211209,1.347,1.347,1.335,1.34,39457,5286061.0
20211210,1.332,1.333,1.321,1.325,3914,519246.0
20211213,1.338,1.349,1.338,1.338,4563,612820.0
20211214,1.327,1.343,1.327,1.335,5927,793265.0
20211215,1.334,1.349,1.332,1.338,8825,1181742.0
20211216,1.343,1.362,1.341,1.361,5736,777352.0
20211217,1.361,1.369,1.354,1.355,7705,1045113.0
20211220,1.368,1.393,1.332,1.334,19715,2646547.0
20211221,1.335,1.349,1.332,1.347,752,101030.0
20211222,1.36,1.36,1.334,1.339,469733,62789704.0
20211223,1.333,1.358,1.333,1.358,212374,28513294.0
20211224,1.35,1.357,1.338,1.34,9529,1281364.0
20211227,1.34,1.352,1.326,1.336,2276,304806.0
20211228,1.336,1.336,1.321,1.332,2050,272242.0
20211229,1.335,1.335,1.327,1.328,7283,969191.0
20211230,1.319,1.343,1.319,1.34,18206,2438366.0
20211231,1.343,1.346,1.342,1.345,2440,328066.0
20220104,1.346,1.349,1.335,1.34,31158,4195117.0
20220105,1.333,1.333,1.308,1.311,1336,176313.0
20220106,1.324,1.331,1.307,1.329,139452,18401916.0
20220107,1.339,1.35,1.335,1.336,71600,9635785.0
20220110,1.335,1.34,1.328,1.34,1900,253501.0
20220111,1.35,1.35,1.327,1.329,12732,1704138.0
20220112,1.334,1.334,1.322,1.329,9694,1289672.0
20220113,1.329,1.329,1.314,1.314,9661,1271136.0
20220114,1.32,1.419,1.29,1.29,25065,3265070.0
20220117,1.29,1.302,1.29,1.301,4157,540259.0
20220118,1.303,1.342,1.298,1.337,11061,1472915.0
20220119,1.337,1.35,1.324,1.339,12624,1685406.0
20220120,1.34,1.343,1.326,1.337,93721,12526295.0
20220121,1.329,1.329,1.31,1.314,18466,2445250.0
20220124,1.313,1.325,1.312,1.318,577,76096.0
20220125,1.3,1.314,1.279,1.28,31512,4111182.0
20220126,1.284,1.293,1.274,1.274,1516,194926.0
20220127,1.275,1.293,1.273,1.273,1696,217524.0
20220128,1.275,1.275,1.243,1.25,7260,908508.0
20220207,1.262,1.297,1.25,1.294,37837,4874799.0
20220208,1.294,1.306,1.284,1.306,10771,1383965.0
20220209,1.307,1.318,1.301,1.313,11518,1507418.0
20220210,1.322,1.326,1.311,1.321,1305,172290.0
20220211,1.318,1.323,1.306,1.306,727,95701.0
20220214,1.303,1.303,1.278,1.286,13034,1679660.0
20220215,1.28,1.29,1.28,1.29,722,92498.0
20220216,1.302,1.305,1.291,1.291,3328,429878.0
20220217,1.293,1.297,1.288,1.294,9153,1183468.0
20220218,1.294,1.319,1.282,1.306,15384,1994742.0
20220221,1.303,1.307,1.3,1.307,426,55508.0
20220222,1.3,1.3,1.277,1.283,34099,4392791.0
20220223,1.293,1.302,1.286,1.299,10301,1337977.0
20220224,1.291,1.295,1.266,1.274,29458,3760782.0
20220225,1.285,1.288,1.273,1.276,7069,900831.0
20220228,1.267,1.286,1.267,1.286,13486,1712990.0
20220301,1.286,1.293,1.284,1.293,267,34312.0
20220302,1.286,1.286,1.285,1.285,66,8482.0
20220303,1.297,1.299,1.294,1.296,820,106341.0
20220304,1.284,1.285,1.282,1.283,229,29393.0
20220307,1.283,1.283,1.264,1.265,3705,470767.0
20220308,1.262,1.262,1.236,1.237,2933,368477.0
20220309,1.234,1.241,1.17,1.219,3394,416144.0
20220310,1.231,1.247,1.228,1.237,5697,709474.0
20220311,1.211,1.231,1.2,1.231,340,41196.0
20220314,1.219,1.228,1.205,1.205,302,36690.0
20220315,1.193,1.193,1.133,1.135,25822,3015402.0
20220316,1.135,1.161,1.114,1.156,6967,784688.0
20220317,1.167,1.188,1.167,1.172,4270,501203.0
20220318,1.174,1.183,1.172,1.183,1092,128475.0
20220321,1.19,1.19,1.179,1.184,860,101770.0
20220322,1.184,1.19,1.183,1.19,7230,856698.0
20220323,1.192,1.201,1.191,1.2,253,30330.0
20220324,1.188,1.2,1.188,1.19,1870,223572.0
20220325,1.179,1.19,1.179,1.179,562,66558.0
20220328,1.168,1.185,1.158,1.18,739,87215.0
20220329,1.18,1.186,1.174,1.174,522,61688.0
20220330,1.174,1.203,1.174,1.203,490,58654.0
20220331,1.205,1.205,1.197,1.197,332,39942.0
20220401,1.189,1.2,1.189,1.198,10529,1261342.0
20220406,1.202,1.221,1.198,1.221,2634,319432.0
20220407,1.223,1.225,1.209,1.209,20298,2457850.0
20220408,1.209,1.225,1.202,1.222,1464,178306.0
20220411,1.223,1.223,1.19,1.19,20572,2456891.0
20220412,1.187,1.201,1.179,1.201,10325,1235557.0
20220413,1.19,1.198,1.187,1.191,12247,1460536.0
20220414,1.193,1.21,1.192,1.206,5002,599730.0
20220415,1.194,1.202,1.189,1.195,18332,2191552.0
20220418,1.184,1.188,1.182,1.182,5508,651663.0
20220419,1.188,1.194,1.188,1.193,5154,614349.0
20220420,1.193,1.193,1.163,1.163,260,30745.0
20220421,1.158,1.158,1.128,1.132,495,56804.0
20220422,1.121,1.144,1.121,1.144,94,10659.0
20220425,1.133,1.133,1.088,1.088,1363,151965.0
20220426,1.085,1.101,1.07,1.072,1206,129570.0
20220427,1.082,1.111,1.081,1.111,3351,365763.0
20220428,1.118,1.131,1.113,1.131,23404,2631114.0
20220429,1.134,1.164,1.133,1.161,19220,2213693.0
20220505,1.165,1.168,1.16,1.163,486,56607.0
20220506,1.153,1.153,1.132,1.136,3042,346794.0
20220509,1.143,1.143,1.143,1.143,100,11430.0
20220510,1.132,1.154,1.122,1.151,518,59173.0
20220511,1.14,1.164,1.14,1.154,3323,383630.0
20220512,1.153,1.153,1.143,1.143,258,29685.0
20220513,1.154,1.154,1.15,1.15,88,10153.0
20220516,1.152,1.158,1.148,1.152,3495,404592.0
20220517,1.148,1.155,1.148,1.153,301,34606.0
20220518,1.145,1.16,1.145,1.16,469,54240.0
20220519,1.149,1.159,1.144,1.159,73,8378.0
20220520,1.17,1.181,1.168,1.181,12335,1448616.0
20220523,1.176,1.178,1.17,1.178,6509,765353.0
20220524,1.193,1.193,1.14,1.144,87,10190.0
20220525,1.145,1.16,1.144,1.16,3415,391259.0
20220526,1.171,1.183,1.169,1.18,1256,147619.0
20220527,1.182,1.187,1.178,1.185,163882,19408854.0
20220530,1.186,1.189,1.182,1.185,2859,338823.0
20220531,1.188,1.19,1.183,1.189,5294,628922.0
20220601,1.187,1.192,1.183,1.19,85240,10145533.0
20220602,1.19,1.196,1.19,1.195,11501,1373720.0
20220606,1.196,1.205,1.191,1.203,6135,735509.0
20220607,1.203,1.204,1.193,1.201,70687,8496491.0
20220608,1.204,1.207,1.189,1.204,990,119017.0
20220609,1.207,1.216,1.2,1.201,23221,2807951.0
20220610,1.196,1.211,1.196,1.21,19155,2310878.0
20220613,1.205,1.205,1.196,1.204,4212,506650.0
20220614,1.192,1.207,1.182,1.207,468,55804.0
20220615,1.218,1.237,1.218,1.225,766,94391.0
20220616,1.225,1.225,1.208,1.211,50577,6124741.0
20220617,1.211,1.212,1.199,1.212,10184,1234262.0
20220620,1.212,1.212,1.212,1.212,9,1091.0
20220621,1.212,1.216,1.206,1.209,30249,3661698.0
20220622,1.209,1.213,1.195,1.195,10160,1223312.0
20220623,1.191,1.25,1.191,1.237,6444,771999.0
20220624,1.249,1.249,1.215,1.221,1215,148415.0
20220627,1.22,1.233,1.22,1.233,9077,1113758.0
20220628,1.23,1.249,1.23,1.246,14687,1819217.0
20220629,1.25,1.252,1.233,1.233,2489,310304.0
20220630,1.232,1.235,1.226,1.232,3951,486606.0
20220701,1.231,1.236,1.231,1.235,515,63545.0
20220704,1.235,1.24,1.225,1.24,1371,169136.0
20220705,1.228,1.245,1.228,1.232,7060,877253.0
20220706,1.237,1.237,1.218,1.223,349,42698.0
20220707,1.222,1.235,1.222,1.235,198,24248.0
20220708,1.236,1.236,1.23,1.23,9033,1115264.0
20220711,1.234,1.234,1.22,1.226,787,96446.0
20220712,1.224,1.239,1.224,1.225,183766,22630408.0
20220713,1.228,1.232,1.228,1.231,100025,12304078.0
20220714,1.228,1.23,1.121,1.223,10192,1253495.0
20220715,1.235,1.254,1.212,1.212,36565,4492261.0
20220718,1.208,1.223,1.206,1.221,85632,10438115.0
20220719,1.223,1.224,1.216,1.216,19930,2438430.0
20220720,1.225,1.232,1.225,1.232,4074,499939.0
20220721,1.226,1.226,1.22,1.22,20210,2470741.0
20220722,1.222,1.225,1.21,1.221,426,52015.0
20220725,1.216,1.216,1.202,1.202,54,6525.0
20220726,1.204,1.213,1.204,1.213,32005,3877405.0
20220727,1.213,1.213,1.212,1.212,6,728.0
20220728,1.217,1.223,1.215,1.218,95153,11596936.0
20220729,1.223,1.227,1.208,1.21,55215,6732516.0
20220801,1.202,1.202,1.2,1.201,7204,865560.0
20220802,1.192,1.192,1.166,1.181,5310,629598.0
20220803,1.17,1.193,1.169,1.186,257,30144.0
20220804,1.18,1.18,1.171,1.171,248,29229.0
20220805,1.177,1.178,1.177,1.178,2079,244706.0
20220808,1.189,1.196,1.189,1.196,213,25411.0
20220809,1.19,1.195,1.19,1.195,4008,477953.0
20220810,1.2,1.2,1.185,1.185,721,85445.0
20220811,1.196,1.213,1.196,1.209,28359,3416807.0
20220812,1.208,1.208,1.208,1.208,344,41555.0
20220815,1.201,1.203,1.201,1.203,3,361.0
20220816,1.215,1.215,1.208,1.208,5160,624829.0
20220817,1.212,1.218,1.211,1.218,7716,937467.0
20220818,1.216,1.216,1.206,1.206,126,15214.0
20220819,1.205,1.206,1.204,1.204,365,43977.0
20220822,1.209,1.209,1.209,1.209,2001,241921.0
20220823,1.205,1.205,1.205,1.205,75,9038.0
20220824,1.208,1.208,1.184,1.184,4171,502544.0
20220825,1.18,1.19,1.18,1.19,2214,263419.0
20220826,1.195,1.195,1.195,1.195,2000,239000.0
20220829,1.184,1.184,1.178,1.182,106,12524.0
20220830,1.193,1.193,1.188,1.188,50,5943.0
20220831,1.199,1.199,1.172,1.175,272,31980.0
20220901,1.183,1.183,1.173,1.173,55,6461.0
20220902,1.17,1.17,1.169,1.169,96,11223.0
20220905,1.174,1.18,1.174,1.18,11,1295.0
20220906,1.187,1.197,1.187,1.197,547,65031.0
20220907,1.195,1.2,1.195,1.198,3997,478440.0
20220908,1.198,1.201,1.198,1.201,2010,240801.0
20220909,1.2,1.207,1.198,1.207,1135,136907.0
20220913,1.207,1.213,1.206,1.206,1095,132090.0
20220914,1.194,1.194,1.194,1.194,3,358.0
20220915,1.202,1.202,1.181,1.181,3935,472160.0
20220916,1.179,1.181,1.156,1.156,2024,238798.0
20220919,1.157,1.157,1.148,1.149,10010,1149653.0
20220920,1.155,1.155,1.155,1.155,1,116.0
20220921,1.144,1.144,1.144,1.144,2,229.0
20220922,1.155,1.159,1.155,1.159,2242,259642.0
20220923,1.166,1.166,1.148,1.16,478,55209.0
20220926,1.149,1.149,1.125,1.125,75,8546.0
20220927,1.122,1.136,1.122,1.136,3099,348631.0
20220928,1.128,1.128,1.121,1.121,74,8345.0
20220929,1.122,1.132,1.107,1.132,2135,239356.0
20220930,1.121,1.121,1.108,1.108,20,2224.0
20221010,1.106,1.114,1.1,1.111,2065,228616.0
20221011,1.111,1.111,1.1,1.109,1015,111958.0
20221012,1.111,1.132,1.098,1.128,1038,115625.0
20221013,1.129,1.138,1.126,1.132,10184,1152551.0
20221014,1.139,1.149,1.139,1.149,324,37155.0
20221017,1.138,1.15,1.138,1.15,41,4705.0
20221018,1.157,1.158,1.151,1.156,1013,116801.0
20221019,1.152,1.157,1.147,1.147,10250,1183241.0
20221020,1.139,1.154,1.133,1.154,6022,687703.0
20221021,1.155,1.158,1.152,1.152,2026,234004.0
20221024,1.165,1.165,1.14,1.146,17183,1962707.0
20221025,1.135,1.146,1.135,1.146,7016,798826.0
20221026,1.155,1.155,1.155,1.155,698,80619.0
20221027,1.153,1.154,1.153,1.154,10,1153.0
20221028,1.143,1.143,1.126,1.126,1990,227250.0
20221031,1.115,1.115,1.11,1.111,6,667.0
20221101,1.122,1.132,1.122,1.132,31,3502.0
20221102,1.136,1.143,1.136,1.142,215,24528.0
20221103,1.14,1.14,1.136,1.136,8021,912786.0
20221104,1.147,1.155,1.147,1.155,11,1269.0
20221107,1.157,1.164,1.155,1.164,2124,246626.0
20221108,1.157,1.157,1.157,1.157,4000,462800.0
20221109,1.165,1.166,1.155,1.155,569,66330.0
20221110,1.144,1.15,1.141,1.149,2122,243640.0
20221111,1.138,1.169,1.138,1.164,4121,477796.0
20221114,1.175,1.176,1.169,1.176,68,7981.0
20221115,1.165,1.18,1.165,1.179,465,54718.0
20221116,1.181,1.181,1.174,1.174,90,10622.0
20221117,1.167,1.167,1.167,1.167,100,11670.0
20221118,1.178,1.185,1.175,1.178,15433,1820687.0
20221121,1.167,1.177,1.15,1.177,985,115789.0
20221122,1.173,1.213,1.173,1.193,16705,2005975.0
20221123,1.18,1.221,1.18,1.211,13171,1592205.0
20221124,1.223,1.224,1.194,1.196,22593,2721014.0
20221125,1.193,1.215,1.193,1.213,3734,451580.0
20221128,1.201,1.208,1.187,1.199,7053,842897.0
20221129,1.2,1.225,1.2,1.222,21034,2564112.0
20221130,1.234,1.234,1.217,1.224,5808,709543.0
20221201,1.228,1.24,1.225,1.23,10701,1320124.0
20221202,1.224,1.226,1.218,1.219,45118,5502661.0
20221205,1.257,1.268,1.232,1.268,245194,30587604.0
20221206,1.26,1.267,1.257,1.26,185454,23383992.0
20221207,1.256,1.257,1.24,1.249,183036,22843274.0
20221208,1.251,1.254,1.233,1.238,67435,8345953.0
20221209,1.236,1.239,1.224,1.235,61865,7606384.0
20221212,1.239,1.239,1.221,1.223,26943,3304166.0
20221213,1.225,1.225,1.215,1.216,15234,1855293.0
20221214,1.219,1.219,1.21,1.212,18689,2269696.0
20221215,1.212,1.212,1.207,1.21,45230,5465687.0
20221216,1.207,1.216,1.205,1.21,14054,1696992.0
20221219,1.207,1.21,1.178,1.182,50557,5968937.0
20221220,1.183,1.186,1.169,1.173,37906,4466201.0
20221221,1.173,1.175,1.163,1.165,2187,255898.0
20221222,1.17,1.177,1.158,1.161,17164,2001552.0
20221223,1.156,1.168,1.155,1.161,9487,1099960.0
20221226,1.163,1.173,1.161,1.173,13521,1572168.0
20221227,1.179,1.181,1.175,1.179,2434,286635.0
20221228,1.173,1.177,1.169,1.171,27455,3217921.0
20221229,1.163,1.172,1.162,1.167,26598,3107939.0
20221230,1.174,1.174,1.168,1.171,51325,6011644.0
20230103,1.169,1.197,1.169,1.196,41308,4858396.0
20230104,1.193,1.196,1.189,1.195,2982,355834.0
20230105,1.199,1.201,1.197,1.2,51334,6158150.0
20230106,1.198,1.201,1.193,1.195,1090,130469.0
20230109,1.199,1.202,1.195,1.196,24063,2880720.0
20230110,1.196,1.196,1.19,1.193,52161,6217348.0
20230111,1.192,1.196,1.187,1.188,3120,371916.0
20230112,1.188,1.195,1.187,1.192,27788,3311685.0
20230113,1.192,1.196,1.19,1.196,64280,7662302.0
20230116,1.2,1.219,1.2,1.212,33301,4031822.0
20230117,1.216,1.216,1.209,1.213,13646,1650486.0
20230118,1.215,1.221,1.214,1.221,64103,7817371.0
20230119,1.218,1.233,1.218,1.233,20614,2526239.0
20230120,1.234,1.255,1.234,1.252,63502,7942631.0
20230130,1.26,1.272,1.259,1.259,54524,6900935.0
20230131,1.261,1.261,1.253,1.256,30298,3806914.0
20230201,1.264,1.272,1.252,1.272,43612,5514508.0
20230202,1.272,1.276,1.268,1.269,20762,2637984.0
20230203,1.263,1.267,1.251,1.266,24958,3135472.0
20230206,1.261,1.271,1.259,1.264,56414,7122762.0
20230207,1.265,1.269,1.261,1.268,77280,9779810.0
20230208,1.269,1.269,1.258,1.258,82048,10355765.0
20230209,1.256,1.271,1.254,1.271,44499,5623981.0
20230210,1.269,1.273,1.262,1.269,37829,4792467.0
20230213,1.268,1.278,1.267,1.278,31924,4055358.0
20230214,1.278,1.279,1.272,1.278,47881,6108861.0
20230215,1.278,1.283,1.273,1.28,80272,10272558.0
20230216,1.28,1.299,1.264,1.273,83656,10731709.0
20230217,1.277,1.277,1.251,1.252,57674,7275016.0
20230220,1.254,1.29,1.254,1.29,128384,16443847.0
20230221,1.289,1.303,1.286,1.3,182850,23703396.0
20230222,1.294,1.299,1.292,1.297,155938,20206270.0
20230223,1.295,1.296,1.282,1.288,98941,12778689.0
20230224,1.288,1.291,1.279,1.287,37990,4888867.0
20230227,1.283,1.289,1.278,1.278,96176,12377253.0
20230228,1.29,1.294,1.277,1.293,130939,16859968.0
20230301,1.293,1.327,1.293,1.325,456652,59972424.0
20230302,1.321,1.347,1.321,1.339,222514,29751028.0
20230303,1.34,1.364,1.339,1.364,249624,33795960.0
20230306,1.39,1.39,1.361,1.366,500420,68484984.0
20230307,1.366,1.383,1.35,1.354,297893,40904232.0
20230308,1.349,1.367,1.34,1.355,139621,18785668.0
20230309,1.355,1.355,1.337,1.35,152703,20529208.0
20230310,1.343,1.346,1.325,1.33,294208,39315224.0
20230313,1.325,1.365,1.325,1.364,264817,35753808.0
20230314,1.364,1.37,1.347,1.362,226272,30873064.0
20230315,1.362,1.381,1.359,1.378,390747,53441328.0
20230316,1.373,1.374,1.354,1.359,272784,37226876.0
20230317,1.364,1.406,1.364,1.394,617655,85825664.0
20230320,1.399,1.42,1.374,1.378,510152,71457416.0
20230321,1.368,1.386,1.363,1.373,289994,39917900.0
20230322,1.37,1.385,1.365,1.38,463980,63876884.0
20230323,1.38,1.41,1.374,1.409,382830,53432420.0
20230324,1.408,1.41,1.38,1.392,491862,68274856.0
20230327,1.387,1.387,1.355,1.367,372398,50985832.0
20230328,1.366,1.378,1.363,1.365,415753,56965536.0
20230329,1.36,1.371,1.339,1.351,481666,64981684.0
20230330,1.351,1.36,1.334,1.355,461427,62450356.0
20230331,1.355,1.367,1.35,1.366,319418,43306880.0
20230403,1.367,1.391,1.367,1.39,566994,78294696.0
20230404,1.39,1.428,1.387,1.422,513985,72353728.0
20230406,1.423,1.423,1.395,1.418,338708,47982000.0
20230407,1.418,1.423,1.41,1.421,433539,61373084.0
20230410,1.426,1.436,1.41,1.412,672673,95691680.0
20230411,1.413,1.413,1.398,1.41,443748,62376396.0
20230412,1.41,1.439,1.408,1.439,586531,83806136.0
20230413,1.438,1.44,1.423,1.43,442368,63415432.0
20230414,1.433,1.448,1.424,1.448,478524,68828512.0
20230417,1.452,1.466,1.438,1.465,413345,60174408.0
20230418,1.463,1.47,1.448,1.464,971617,141919056.0
20230419,1.459,1.468,1.447,1.45,602667,88061344.0
20230420,1.44,1.472,1.44,1.472,792976,115259440.0
20230421,1.472,1.478,1.429,1.431,1108684,161621136.0
20230424,1.437,1.448,1.416,1.428,619299,88619888.0
20230425,1.424,1.435,1.4,1.419,1718676,244212064.0
20230426,1.417,1.417,1.382,1.394,808616,112961472.0
20230427,1.389,1.41,1.382,1.404,515044,72154840.0
20230428,1.408,1.446,1.4,1.446,664679,94311496.0
20230504,1.435,1.452,1.425,1.45,647049,93153144.0
20230505,1.448,1.459,1.431,1.433,494418,71071144.0
20230508,1.443,1.484,1.436,1.478,1264583,186449728.0
20230509,1.481,1.487,1.445,1.452,1196523,176024304.0
20230510,1.446,1.448,1.421,1.431,642328,92139536.0
20230511,1.431,1.434,1.415,1.418,405290,57587648.0
20230512,1.417,1.426,1.391,1.391,448369,63018896.0
20230515,1.386,1.405,1.366,1.402,891041,123262144.0
20230516,1.398,1.407,1.38,1.385,439060,61265688.0
20230517,1.381,1.39,1.369,1.387,496241,68594016.0
20230518,1.391,1.405,1.388,1.398,542934,75918088.0
20230519,1.4,1.4,1.378,1.387,433033,59969844.0
20230522,1.38,1.39,1.373,1.38,383334,52980192.0
20230523,1.38,1.383,1.356,1.358,543104,74203216.0
20230524,1.356,1.356,1.332,1.332,1002301,134178896.0
20230525,1.33,1.34,1.312,1.329,637462,84436248.0
20230526,1.33,1.345,1.321,1.337,758774,101164536.0
20230529,1.351,1.357,1.344,1.351,529280,71502320.0
20230530,1.348,1.379,1.347,1.379,603446,82618536.0
20230531,1.376,1.379,1.368,1.377,730606,100491584.0
20230601,1.37,1.397,1.369,1.389,587912,81440688.0
20230602,1.393,1.394,1.38,1.383,413353,57265576.0
20230605,1.379,1.387,1.373,1.378,378402,52261396.0
20230606,1.373,1.384,1.355,1.359,414228,56856592.0
20230607,1.365,1.366,1.351,1.36,489858,66549352.0
20230608,1.359,1.373,1.349,1.369,298120,40553800.0
20230609,1.369,1.381,1.363,1.381,499806,68437544.0
20230612,1.379,1.379,1.366,1.37,321475,44090596.0
20230613,1.368,1.372,1.36,1.371,512775,70013864.0
20230614,1.371,1.378,1.365,1.368,304344,41718608.0
20230615,1.368,1.374,1.365,1.374,288405,39504620.0
20230616,1.375,1.405,1.375,1.402,368389,51509840.0
20230619,1.404,1.405,1.389,1.397,212440,29645030.0
20230620,1.387,1.401,1.387,1.395,234757,32751852.0
20230621,1.397,1.397,1.375,1.375,232755,32291372.0
20230626,1.372,1.374,1.344,1.348,176721,23970916.0
20230627,1.348,1.38,1.348,1.378,822304,111893104.0
20230628,1.376,1.381,1.358,1.375,267831,36669552.0
20230629,1.376,1.384,1.373,1.379,208138,28686452.0
20230630,1.379,1.388,1.376,1.383,273553,37823648.0
20230703,1.386,1.404,1.381,1.402,281489,39137656.0
20230704,1.412,1.412,1.397,1.409,219854,30949720.0
20230705,1.414,1.416,1.399,1.404,307229,43246340.0
20230706,1.404,1.408,1.395,1.395,378976,53055368.0
20230707,1.392,1.403,1.386,1.394,261226,36352808.0
20230710,1.407,1.407,1.388,1.395,125988,17544048.0
20230711,1.401,1.404,1.392,1.402,151007,21150190.0
20230712,1.404,1.41,1.385,1.389,144094,20128978.0
20230713,1.384,1.406,1.381,1.405,135190,18898756.0
20230714,1.414,1.423,1.406,1.415,287793,40727280.0
20230717,1.406,1.416,1.404,1.414,105689,14893903.0
20230718,1.411,1.417,1.407,1.408,170567,24053640.0
20230719,1.408,1.413,1.403,1.408,155669,21919332.0
20230720,1.41,1.414,1.388,1.39,224238,31485836.0
20230721,1.384,1.391,1.377,1.379,152187,21022160.0
20230724,1.37,1.392,1.37,1.383,289745,40011540.0
20230725,1.393,1.412,1.393,1.412,509843,71756424.0
20230726,1.412,1.412,1.396,1.401,402721,56387312.0
20230727,1.405,1.41,1.391,1.394,317269,44430764.0
20230728,1.389,1.42,1.385,1.419,554230,77799312.0
20230731,1.422,1.445,1.422,1.439,252929,36355392.0
20230801,1.44,1.443,1.433,1.44,228836,32922504.0
20230802,1.442,1.442,1.422,1.428,191760,27485812.0
20230803,1.425,1.43,1.417,1.429,148151,21092738.0
20230804,1.437,1.467,1.437,1.438,205613,29672432.0
20230807,1.438,1.438,1.428,1.431,191494,27439188.0
20230808,1.418,1.434,1.418,1.429,159388,22789052.0
20230809,1.43,1.43,1.415,1.418,171474,24367780.0
20230810,1.418,1.427,1.414,1.423,328294,46733268.0
20230811,1.427,1.427,1.395,1.395,352831,50135868.0
20230814,1.39,1.405,1.377,1.404,653915,91103480.0
20230815,1.404,1.405,1.387,1.397,261143,36481884.0
20230816,1.399,1.399,1.373,1.373,156008,21522988.0
20230817,1.373,1.382,1.359,1.378,397524,54513108.0
20230818,1.38,1.387,1.359,1.359,588327,80774616.0
20230821,1.359,1.375,1.352,1.355,342955,46850720.0
20230822,1.355,1.383,1.355,1.38,254629,34822168.0
20230823,1.382,1.382,1.353,1.355,169101,23085068.0
20230824,1.368,1.368,1.325,1.327,284846,37995948.0
20230825,1.326,1.328,1.313,1.319,180124,23772120.0
20230828,1.359,1.4,1.331,1.334,238249,32220624.0
20230829,1.332,1.355,1.331,1.35,182959,24650524.0
20230830,1.352,1.358,1.342,1.35,238184,32168784.0
20230831,1.342,1.351,1.336,1.341,227942,30575636.0
20230901,1.341,1.353,1.341,1.346,180237,24276664.0
20230904,1.346,1.374,1.346,1.374,339084,46415832.0
20230905,1.375,1.375,1.358,1.361,216361,29519586.0
20230906,1.369,1.369,1.349,1.359,214054,28999754.0
20230907,1.36,1.36,1.343,1.343,204685,27734480.0
20230908,1.333,1.348,1.333,1.344,218624,29292548.0
20230911,1.343,1.36,1.342,1.353,208990,28252290.0
20230912,1.354,1.358,1.352,1.355,363124,49198680.0
20230913,1.342,1.357,1.339,1.344,270631,36393288.0
20230914,1.338,1.356,1.338,1.352,187278,25299604.0
20230915,1.355,1.357,1.335,1.343,180082,24247044.0
20230918,1.329,1.343,1.329,1.335,184404,24604712.0
20230919,1.335,1.335,1.327,1.33,187007,24869300.0
20230920,1.33,1.331,1.322,1.322,274119,36353156.0
20230921,1.32,1.33,1.314,1.315,656521,86555648.0
20230922,1.315,1.341,1.312,1.341,420849,55607388.0
20230925,1.342,1.342,1.325,1.326,362161,48171368.0
20230926,1.326,1.333,1.32,1.321,321811,42708500.0
20230927,1.314,1.329,1.314,1.326,243219,32237404.0
20230928,1.326,1.332,1.325,1.33,205430,27311372.0
20231009,1.33,1.339,1.319,1.337,228697,30455036.0
20231010,1.34,1.34,1.31,1.315,241218,31850824.0
20231011,1.315,1.323,1.308,1.314,390560,51344512.0
20231012,1.327,1.332,1.32,1.328,366612,48610072.0
20231013,1.326,1.326,1.31,1.315,260734,34269132.0
20231016,1.308,1.323,1.305,1.309,207049,27149508.0
20231017,1.31,1.322,1.31,1.321,286447,37702280.0
20231018,1.32,1.32,1.31,1.312,189713,24932716.0
20231019,1.312,1.312,1.287,1.288,364836,47306272.0
20231020,1.295,1.295,1.27,1.271,195206,24961416.0
20231023,1.269,1.272,1.247,1.256,637049,80292832.0
20231024,1.258,1.261,1.245,1.256,348853,43748560.0
20231025,1.287,1.287,1.267,1.268,284812,36278088.0
20231026,1.268,1.279,1.26,1.279,200603,25433852.0
20231027,1.279,1.294,1.273,1.29,153848,19766762.0
20231030,1.288,1.288,1.272,1.28,192172,24558520.0
20231031,1.283,1.283,1.269,1.275,177661,22613624.0
20231101,1.275,1.275,1.265,1.271,342600,43484616.0
20231102,1.272,1.279,1.265,1.266,237319,30166284.0
20231103,1.266,1.278,1.266,1.273,166241,21137148.0
20231106,1.278,1.281,1.273,1.281,195084,24931198.0
20231107,1.275,1.284,1.273,1.282,383719,49075952.0
20231108,1.277,1.28,1.269,1.277,222850,28439820.0
20231109,1.271,1.286,1.271,1.285,367967,47154784.0
20231110,1.277,1.277,1.264,1.271,631537,80197216.0
20231113,1.275,1.281,1.271,1.28,222474,28368680.0
20231114,1.281,1.29,1.279,1.283,183561,23523580.0
20231115,1.288,1.293,1.284,1.291,170659,22007788.0
20231116,1.291,1.291,1.277,1.28,595555,76259440.0
20231117,1.275,1.277,1.268,1.275,373580,47590000.0
20231120,1.276,1.284,1.273,1.282,166717,21317988.0
20231121,1.285,1.29,1.276,1.277,165411,21241510.0
20231122,1.273,1.277,1.266,1.266,151780,19330256.0
20231123,1.267,1.28,1.265,1.276,204241,26000488.0
20231124,1.277,1.278,1.267,1.27,130512,16626056.0
20231127,1.275,1.276,1.263,1.271,137696,17433690.0
20231128,1.271,1.276,1.265,1.276,683978,86925168.0
20231129,1.275,1.275,1.26,1.264,125010,15836034.0
20231130,1.262,1.271,1.26,1.266,159428,20203868.0
20231201,1.263,1.274,1.258,1.273,220427,27874034.0
20231204,1.277,1.283,1.272,1.272,228592,29206804.0
20231205,1.269,1.269,1.246,1.248,230958,29064524.0
20231206,1.245,1.251,1.239,1.242,160259,19952616.0
20231207,1.242,1.246,1.235,1.24,159986,19836452.0
20231208,1.243,1.248,1.238,1.241,163479,20311860.0
20231211,1.241,1.257,1.224,1.256,211392,26192276.0
20231212,1.253,1.26,1.252,1.259,198231,24896124.0
20231213,1.26,1.26,1.246,1.247,169729,21265346.0
20231214,1.253,1.255,1.24,1.241,135055,16845914.0
20231215,1.246,1.249,1.234,1.237,168434,20879892.0
20231218,1.226,1.238,1.224,1.226,176229,21727114.0
20231219,1.216,1.232,1.214,1.226,296029,36269764.0
20231220,1.226,1.233,1.213,1.214,213282,26091562.0
20231221,1.214,1.222,1.206,1.22,267874,32542108.0
20231222,1.208,1.232,1.208,1.226,276482,33815976.0
20231225,1.222,1.23,1.221,1.23,153960,18855894.0
20231226,1.226,1.226,1.22,1.222,225863,27598464.0
20231227,1.222,1.234,1.22,1.232,162497,19935118.0
20231228,1.232,1.249,1.232,1.245,197661,24534850.0
20231229,1.245,1.254,1.245,1.253,353639,44167448.0
20240102,1.243,1.258,1.243,1.25,118163,14821706.0
20240103,1.244,1.256,1.242,1.254,204906,25635320.0
20240104,1.254,1.254,1.238,1.247,261194,32460614.0
20240105,1.246,1.255,1.232,1.237,190426,23707892.0
20240108,1.231,1.232,1.217,1.22,179581,21973938.0
20240109,1.221,1.221,1.209,1.217,194295,23618056.0
20240110,1.208,1.216,1.205,1.205,89786,10867274.0
20240111,1.205,1.211,1.197,1.205,222917,26826072.0
20240112,1.205,1.215,1.203,1.206,737088,88964912.0
20240115,1.202,1.219,1.2,1.212,143713,17389232.0
20240116,1.224,1.224,1.2,1.213,256493,31014372.0
20240117,1.211,1.211,1.192,1.192,143930,17367734.0
20240118,1.185,1.196,1.159,1.193,280473,32972776.0
20240119,1.186,1.195,1.184,1.19,194684,23199068.0
20240122,1.188,1.189,1.153,1.158,246274,28986284.0
20240123,1.147,1.17,1.146,1.164,301898,35017888.0
20240124,1.168,1.205,1.161,1.203,233626,27500384.0
20240125,1.196,1.268,1.194,1.266,1188772,148890096.0
20240126,1.258,1.272,1.253,1.268,852015,107630624.0
20240129,1.267,1.298,1.264,1.266,326465,41585872.0
20240130,1.253,1.278,1.248,1.255,230283,29192224.0
20240131,1.244,1.259,1.229,1.237,375450,46682072.0
20240201,1.234,1.242,1.215,1.224,320142,39220508.0
20240202,1.224,1.238,1.186,1.213,599811,73144288.0
20240205,1.21,1.219,1.171,1.202,287741,34511844.0
20240206,1.186,1.245,1.184,1.239,261901,32091632.0
20240207,1.239,1.267,1.233,1.263,182381,22886772.0
20240208,1.27,1.283,1.267,1.277,143288,18269928.0
20240219,1.277,1.299,1.275,1.297,153988,19822576.0
20240220,1.299,1.3,1.285,1.296,187189,24247090.0
20240221,1.296,1.327,1.281,1.308,208336,27311500.0
20240222,1.324,1.328,1.308,1.327,1201525,158103792.0
20240223,1.33,1.34,1.316,1.326,321864,42652632.0
20240226,1.325,1.335,1.312,1.315,181796,24075802.0
20240227,1.31,1.335,1.308,1.335,144685,19094806.0
20240228,1.342,1.342,1.315,1.315,147801,19655104.0
20240229,1.315,1.342,1.31,1.342,157119,20890820.0
20240301,1.349,1.353,1.34,1.353,119332,16068953.0
20240304,1.353,1.362,1.346,1.36,178305,24131164.0
20240305,1.35,1.373,1.346,1.37,202314,27633404.0
20240306,1.37,1.374,1.364,1.368,147477,20190836.0
20240307,1.367,1.381,1.36,1.362,237857,32568244.0
20240308,1.362,1.377,1.356,1.376,123743,16878646.0
20240311,1.376,1.378,1.363,1.376,187939,25773782.0
20240312,1.376,1.376,1.351,1.354,151585,20616230.0
20240313,1.346,1.358,1.345,1.352,135001,18242372.0
20240314,1.351,1.362,1.343,1.35,136631,18497400.0
20240315,1.347,1.355,1.335,1.354,135709,18240700.0
20240318,1.352,1.377,1.349,1.376,124964,17130108.0
20240319,1.372,1.378,1.364,1.364,189208,25970108.0
20240320,1.366,1.377,1.363,1.374,108566,14865125.0
20240321,1.38,1.382,1.367,1.374,167105,22971708.0
20240322,1.375,1.375,1.35,1.362,270459,36768140.0
20240325,1.358,1.378,1.357,1.357,158745,21714000.0
20240326,1.35,1.365,1.349,1.359,201876,27386424.0
20240327,1.357,1.359,1.341,1.343,130234,17594280.0
20240328,1.343,1.365,1.341,1.354,159760,21599224.0
20240329,1.356,1.378,1.356,1.378,163424,22345956.0
20240401,1.38,1.395,1.376,1.39,98525,13673696.0
20240402,1.39,1.399,1.38,1.387,149555,20733432.0
20240403,1.381,1.386,1.378,1.383,144054,19899220.0
20240408,1.379,1.4,1.374,1.385,154528,21412520.0
20240409,1.384,1.384,1.366,1.371,133855,18359720.0
20240410,1.37,1.375,1.357,1.362,151030,20597578.0
20240411,1.367,1.389,1.356,1.377,156937,21578464.0
20240412,1.369,1.383,1.366,1.37,176562,24290180.0
20240415,1.37,1.425,1.37,1.42,981836,138871456.0
20240416,1.42,1.424,1.398,1.404,485809,68647248.0
20240417,1.404,1.434,1.39,1.434,233474,33035844.0
20240418,1.429,1.44,1.42,1.427,171131,24496958.0
20240419,1.423,1.439,1.419,1.43,162915,23325584.0
20240422,1.433,1.433,1.409,1.412,419894,59488592.0
20240423,1.401,1.411,1.378,1.382,230589,31995356.0
20240424,1.382,1.399,1.382,1.398,162198,22583236.0
20240425,1.397,1.399,1.389,1.398,91298,12724446.0
20240426,1.399,1.405,1.393,1.404,142254,19924828.0
20240429,1.404,1.411,1.384,1.397,142198,19817900.0
20240430,1.401,1.408,1.38,1.381,263378,36515168.0
20240506,1.374,1.393,1.374,1.392,98075,13629633.0
20240507,1.388,1.397,1.386,1.391,197890,27516424.0
20240508,1.391,1.392,1.38,1.382,598261,83024648.0
20240509,1.381,1.4,1.381,1.4,217832,30388892.0
20240510,1.398,1.404,1.392,1.402,136793,19148104.0
20240513,1.403,1.418,1.395,1.413,325197,45829020.0
20240514,1.413,1.415,1.401,1.405,143948,20230008.0
20240515,1.405,1.405,1.384,1.385,552986,77104736.0
20240516,1.386,1.393,1.383,1.386,98443,13673894.0
20240517,1.378,1.4,1.378,1.4,327290,45330688.0
20240520,1.4,1.408,1.397,1.407,190304,26667998.0
20240521,1.403,1.407,1.399,1.4,108771,15253221.0
20240522,1.4,1.408,1.396,1.4,172423,24150572.0
20240523,1.397,1.397,1.376,1.381,147913,20494190.0
20240524,1.382,1.391,1.372,1.375,191609,26459532.0
20240527,1.382,1.398,1.376,1.396,148753,20629758.0
20240528,1.396,1.401,1.389,1.39,128570,17944504.0
20240529,1.391,1.399,1.386,1.39,116899,16273758.0
20240530,1.388,1.398,1.385,1.388,135248,18810384.0
20240531,1.389,1.393,1.384,1.385,169043,23470904.0
20240603,1.387,1.393,1.38,1.389,144914,20092452.0
20240604,1.377,1.407,1.377,1.404,87789,12264187.0
20240605,1.405,1.409,1.392,1.394,182756,25644720.0
20240606,1.394,1.409,1.392,1.396,119408,16724901.0
20240607,1.409,1.411,1.388,1.4,88193,12313674.0
20240611,1.4,1.4,1.374,1.384,134895,18616864.0
20240612,1.377,1.388,1.375,1.388,90588,12530665.0
20240613,1.388,1.393,1.381,1.386,84165,11655431.0
20240614,1.387,1.393,1.382,1.391,130221,18071976.0
20240617,1.385,1.397,1.382,1.385,74163,10284252.0
20240618,1.393,1.402,1.382,1.402,95940,13380028.0
20240619,1.404,1.404,1.395,1.397,89490,12529218.0
20240620,1.397,1.397,1.386,1.388,82937,11519912.0
20240621,1.384,1.394,1.382,1.394,73531,10219632.0
20240624,1.393,1.394,1.376,1.378,114600,15849244.0
20240625,1.379,1.383,1.365,1.371,101716,13991866.0
20240626,1.366,1.384,1.361,1.381,96488,13209872.0
20240627,1.39,1.39,1.371,1.374,99080,13622299.0
20240628,1.375,1.413,1.375,1.406,190857,26698106.0
20240701,1.407,1.421,1.404,1.421,144240,20369164.0
20240702,1.421,1.421,1.406,1.413,158909,22459672.0
20240703,1.414,1.414,1.402,1.404,164088,23058768.0
20240704,1.404,1.415,1.397,1.4,141095,19836536.0
20240705,1.398,1.4,1.377,1.395,162028,22437312.0
20240708,1.389,1.396,1.384,1.387,156967,21830404.0
20240709,1.386,1.405,1.378,1.404,147091,20466276.0
20240710,1.401,1.404,1.383,1.386,111049,15459621.0
20240711,1.389,1.407,1.389,1.406,110972,15547600.0
20240712,1.412,1.412,1.393,1.398,79381,11120246.0
20240715,1.401,1.404,1.392,1.398,80448,11259919.0
20240716,1.396,1.406,1.393,1.406,101961,14278476.0
20240717,1.408,1.408,1.388,1.391,78889,10996706.0
20240718,1.376,1.408,1.376,1.407,117430,16425270.0
20240719,1.433,1.433,1.398,1.414,114078,16039301.0
20240722,1.414,1.414,1.396,1.407,132642,18589424.0
20240723,1.403,1.403,1.381,1.381,104437,14549636.0
20240724,1.374,1.395,1.374,1.387,113126,15698428.0
20240725,1.393,1.393,1.37,1.378,106026,14613842.0
20240726,1.374,1.385,1.374,1.383,92172,12712282.0
20240729,1.386,1.396,1.385,1.391,102335,14242217.0
20240730,1.394,1.394,1.372,1.382,115162,15886767.0
20240731,1.369,1.392,1.369,1.391,139882,19361924.0
20240801,1.399,1.404,1.392,1.393,77195,10784368.0
20240802,1.394,1.394,1.379,1.382,105457,14585486.0
20240805,1.371,1.378,1.346,1.346,132837,18071794.0
20240806,1.35,1.363,1.337,1.352,217575,29331428.0
20240807,1.348,1.365,1.348,1.356,140135,19054952.0
20240808,1.356,1.356,1.339,1.348,150452,20283592.0
20240809,1.352,1.357,1.344,1.345,111714,15070915.0
20240812,1.341,1.345,1.332,1.335,84327,11279009.0
20240813,1.341,1.346,1.337,1.346,90429,12126185.0
20240814,1.337,1.346,1.337,1.339,75528,10129815.0
20240815,1.34,1.355,1.334,1.353,110970,14965277.0
20240816,1.344,1.369,1.344,1.351,96238,13003184.0
20240819,1.352,1.364,1.351,1.358,98303,13363037.0
20240820,1.36,1.36,1.334,1.339,152464,20414616.0
20240821,1.338,1.338,1.333,1.335,102738,13724422.0
20240822,1.334,1.342,1.332,1.336,94092,12594064.0
20240823,1.335,1.344,1.334,1.341,107062,14327772.0
20240826,1.336,1.337,1.33,1.337,107678,14360694.0
20240827,1.33,1.331,1.322,1.326,45107,5985200.0
20240828,1.314,1.333,1.314,1.322,78446,10386293.0
20240829,1.311,1.316,1.309,1.309,85473,11215425.0
20240830,1.309,1.33,1.309,1.319,119485,15779336.0
20240902,1.318,1.318,1.291,1.291,125519,16290174.0
20240903,1.291,1.297,1.288,1.293,96247,12427388.0
20240904,1.292,1.292,1.279,1.281,94352,12100459.0
20240905,1.28,1.283,1.272,1.277,130485,16641740.0
20240906,1.278,1.284,1.265,1.267,115335,14684649.0
20240909,1.267,1.267,1.244,1.248,98573,12335707.0
20240910,1.252,1.258,1.24,1.254,69338,8652668.0
20240911,1.245,1.248,1.238,1.245,177804,22089512.0
20240912,1.245,1.254,1.244,1.247,220973,27566608.0
20240913,1.247,1.251,1.24,1.241,95993,11967280.0
20240918,1.241,1.252,1.236,1.249,89941,11191622.0
20240919,1.249,1.261,1.238,1.257,136856,17120368.0
20240920,1.257,1.257,1.245,1.257,73809,9241421.0
20240923,1.257,1.27,1.257,1.264,88922,11240859.0
20240924,1.272,1.36,1.268,1.33,259309,33586120.0
20240925,1.343,1.363,1.332,1.339,475271,64162100.0
20240926,1.336,1.374,1.324,1.374,758099,102703264.0
20240927,1.41,1.5,1.378,1.43,150246,21084620.0
20240930,1.48,1.571,1.439,1.527,427002,63985020.0
20241008,1.68,1.68,1.521,1.594,376043,60033064.0
20241009,1.544,1.552,1.456,1.466,346896,52118520.0
20241010,1.466,1.574,1.464,1.531,474848,73047640.0
20241011,1.553,1.555,1.459,1.476,195758,29200356.0
20241014,1.483,1.514,1.48,1.507,395827,59462288.0
20241015,1.51,1.51,1.463,1.463,146012,21686564.0
20241016,1.463,1.48,1.45,1.465,184487,26994052.0
20241017,1.465,1.48,1.446,1.447,89796,13140557.0
20241018,1.439,1.512,1.438,1.483,210798,30992206.0
20241021,1.484,1.53,1.484,1.507,189059,28388052.0
20241022,1.5,1.512,1.494,1.506,172625,25938988.0
20241023,1.506,1.525,1.505,1.516,147619,22377936.0
20241024,1.508,1.508,1.489,1.494,169071,25293966.0
20241025,1.496,1.503,1.488,1.496,105085,15702103.0
20241028,1.497,1.504,1.466,1.503,135097,20224600.0
20241029,1.505,1.507,1.49,1.494,129333,19388356.0
20241030,1.482,1.497,1.475,1.484,105680,15678542.0
20241031,1.484,1.488,1.467,1.481,183680,27198120.0
20241101,1.484,1.509,1.468,1.496,185894,27873766.0
20241104,1.503,1.505,1.485,1.505,107254,16024997.0
20241105,1.505,1.535,1.503,1.535,157066,23879252.0
20241106,1.533,1.547,1.527,1.54,191531,29467384.0
20241107,1.529,1.57,1.528,1.568,117506,18189956.0
20241108,1.573,1.594,1.553,1.559,255584,39969312.0
20241111,1.548,1.574,1.535,1.574,237630,37123076.0
20241112,1.574,1.575,1.527,1.538,351413,54177632.0
20241113,1.538,1.567,1.525,1.561,294261,45728064.0
20241114,1.561,1.561,1.524,1.526,174233,26867560.0
20241115,1.526,1.549,1.516,1.518,264711,40585896.0
20241118,1.541,1.561,1.518,1.532,155861,24081400.0
20241119,1.531,1.531,1.487,1.516,132372,19986636.0
20241120,1.516,1.522,1.507,1.518,152531,23123752.0
20241121,1.518,1.521,1.508,1.517,58552,8874639.0
20241122,1.518,1.52,1.466,1.469,111432,16575017.0
20241125,1.463,1.478,1.441,1.455,85537,12478842.0
20241126,1.455,1.459,1.445,1.448,52793,7657746.0
20241127,1.44,1.468,1.433,1.467,62927,9118521.0
20241128,1.468,1.469,1.454,1.458,86282,12616010.0
20241129,1.458,1.478,1.455,1.47,121169,17713632.0
20241202,1.471,1.487,1.47,1.484,44331,6566287.0
20241203,1.484,1.493,1.476,1.491,48067,7139899.0
20241204,1.491,1.496,1.484,1.491,60880,9078725.0
20241205,1.487,1.494,1.482,1.486,31254,4643161.0
20241206,1.488,1.505,1.488,1.503,61782,9259475.0
20241209,1.498,1.512,1.495,1.503,81944,12299648.0
20241210,1.522,1.55,1.506,1.509,72074,10933619.0
20241211,1.505,1.511,1.502,1.507,70698,10644581.0
20241212,1.507,1.517,1.504,1.516,70578,10672375.0
20241213,1.51,1.51,1.481,1.483,69649,10391916.0
20241216,1.483,1.492,1.479,1.481,78704,11677950.0
20241217,1.481,1.496,1.481,1.483,76527,11376366.0
20241218,1.495,1.512,1.495,1.5,384723,57768288.0
20241219,1.5,1.508,1.48,1.502,564009,84429856.0
20241220,1.501,1.506,1.494,1.495,50429,7548401.0
20241223,1.489,1.513,1.489,1.502,53002,7981984.0
20241224,1.501,1.517,1.5,1.517,126006,19053830.0
20241225,1.522,1.528,1.514,1.519,63654,9671366.0
20241226,1.519,1.519,1.512,1.515,51756,7842931.0
20241227,1.515,1.528,1.515,1.523,204779,31157794.0
20241230,1.523,1.532,1.523,1.527,39527,6036041.0
20241231,1.524,1.525,1.507,1.508,67264,10189507.0
20250102,1.506,1.506,1.444,1.453,77634,11418987.0
20250103,1.456,1.462,1.431,1.432,62716,9045818.0
20250106,1.44,1.44,1.415,1.425,107448,15280066.0
20250107,1.425,1.43,1.415,1.43,49593,7051567.0
20250108,1.425,1.432,1.403,1.427,144821,20489648.0
20250109,1.423,1.424,1.413,1.42,43813,6220574.0
20250110,1.418,1.419,1.401,1.402,116790,16459257.0
20250113,1.396,1.4,1.389,1.393,52140,7265660.0
20250114,1.393,1.429,1.393,1.427,74183,10524011.0
20250115,1.429,1.43,1.414,1.417,72132,10235533.0
20250116,1.422,1.434,1.415,1.425,110770,15767951.0
20250117,1.422,1.433,1.415,1.426,65772,9390037.0
20250120,1.426,1.438,1.421,1.425,104668,14935379.0
20250121,1.429,1.429,1.416,1.417,77167,10955195.0
20250122,1.417,1.419,1.406,1.413,113395,16010287.0
20250123,1.423,1.438,1.414,1.416,73350,10434719.0
20250124,1.416,1.432,1.416,1.431,57840,8252378.0
20250127,1.432,1.442,1.431,1.432,40625,5831283.0
20250205,1.431,1.438,1.416,1.421,69599,9894443.0
20250206,1.42,1.438,1.416,1.437,128771,18374330.0
20250207,1.433,1.458,1.43,1.452,191222,27653262.0
20250210,1.455,1.469,1.455,1.463,57262,8370294.0
20250211,1.459,1.461,1.453,1.457,79752,11618479.0
20250212,1.455,1.468,1.454,1.468,110036,16061484.0
20250213,1.466,1.472,1.459,1.461,71461,10467279.0
20250214,1.459,1.477,1.457,1.476,91504,13435595.0
20250217,1.479,1.486,1.471,1.481,41074,6076207.0
20250218,1.479,1.486,1.462,1.468,76458,11318913.0
20250219,1.468,1.482,1.467,1.476,88738,13082476.0
20250220,1.477,1.477,1.46,1.465,38780,5679940.0
20250221,1.468,1.495,1.468,1.495,76743,11421056.0
20250224,1.495,1.506,1.486,1.496,35416,5302409.0
20250225,1.496,1.496,1.468,1.475,47588,7041703.0
20250226,1.479,1.484,1.471,1.484,69686,10305009.0
20250227,1.481,1.482,1.462,1.472,57871,8510206.0
20250228,1.472,1.473,1.449,1.45,24693,3612711.0
20250303,1.45,1.468,1.447,1.453,61332,8941727.0
20250304,1.45,1.458,1.448,1.456,19353,2812935.0
20250305,1.458,1.465,1.452,1.465,48142,7028310.0
20250306,1.452,1.485,1.452,1.482,45137,6668858.0
20250307,1.483,1.486,1.468,1.475,49823,7380992.0
20250310,1.474,1.487,1.459,1.468,87975,12892801.0
20250311,1.457,1.472,1.452,1.471,53336,7813126.0
20250312,1.475,1.482,1.467,1.473,45815,6759824.0
20250313,1.473,1.477,1.462,1.472,69758,10256728.0
20250314,1.474,1.49,1.472,1.488,52547,7800736.0
20250317,1.49,1.497,1.487,1.488,51481,7678834.0
20250318,1.495,1.495,1.488,1.49,39671,5910611.0
20250319,1.492,1.492,1.475,1.48,44205,6535298.0
20250320,1.479,1.481,1.472,1.474,31201,4608592.0
20250321,1.473,1.491,1.465,1.468,45424,6705744.0
20250324,1.467,1.473,1.454,1.465,43208,6334348.0
20250325,1.465,1.478,1.465,1.474,41330,6092021.0
20250326,1.478,1.478,1.466,1.468,50569,7422241.0
20250327,1.46,1.47,1.454,1.46,81898,11982189.0
20250328,1.455,1.469,1.446,1.449,47520,6900790.0
20250331,1.446,1.454,1.429,1.436,103705,14883012.0
20250401,1.436,1.449,1.436,1.445,45920,6624071.0
20250402,1.44,1.443,1.437,1.439,29654,4267575.0
20250403,1.449,1.449,1.433,1.442,42962,6195869.0
20250407,1.437,1.437,1.312,1.322,118853,16045188.0
20250408,1.326,1.391,1.326,1.391,271868,37214536.0
20250409,1.4,1.417,1.364,1.416,125023,17424900.0
20250410,1.439,1.439,1.402,1.416,107227,15188517.0
20250411,1.41,1.413,1.397,1.407,62671,8806116.0
20250414,1.407,1.415,1.407,1.412,37794,5336410.0
20250415,1.409,1.41,1.399,1.408,139951,19641936.0
20250416,1.408,1.411,1.396,1.41,27267,3823093.0
20250417,1.409,1.414,1.407,1.41,41499,5850238.0
20250418,1.41,1.415,1.404,1.412,57642,8128565.0
20250421,1.412,1.418,1.407,1.414,45062,6374029.0
20250422,1.409,1.417,1.409,1.412,35553,5029720.0
20250423,1.414,1.418,1.408,1.411,41057,5796911.0
20250424,1.411,1.413,1.401,1.405,18252,2564356.0
20250425,1.405,1.41,1.404,1.408,28957,4072259.0
20250428,1.407,1.408,1.404,1.405,16503,2319754.0
20250429,1.401,1.402,1.395,1.399,78566,10982725.0
20250430,1.395,1.401,1.392,1.393,64816,9041202.0
20250506,1.395,1.41,1.395,1.41,21523,3021022.0
20250507,1.42,1.427,1.4,1.423,32233,4578190.0
20250508,1.423,1.431,1.418,1.43,29535,4216412.0
20250509,1.426,1.428,1.42,1.421,27888,3970051.0
20250512,1.422,1.442,1.422,1.439,106567,15230258.0
20250513,1.44,1.444,1.436,1.438,36271,5221991.0
20250514,1.448,1.451,1.431,1.446,59544,8579841.0
20250515,1.453,1.453,1.432,1.433,33944,4874592.0
20250516,1.43,1.436,1.422,1.428,57528,8207478.0
20250519,1.427,1.431,1.422,1.429,30736,4389600.0
20250520,1.429,1.439,1.428,1.433,32224,4613292.0
20250521,1.433,1.436,1.433,1.434,10626,1524143.0
20250522,1.428,1.434,1.428,1.43,29932,4282376.0
20250523,1.43,1.434,1.416,1.417,39253,5588458.0
20250526,1.435,1.435,1.415,1.418,39383,5581831.0
20250527,1.414,1.418,1.409,1.414,156553,22116756.0
20250528,1.413,1.416,1.411,1.412,50264,7104550.0
20250529,1.414,1.424,1.414,1.422,18511,2632004.0
20250530,1.423,1.423,1.411,1.419,31165,4419030.0
20250603,1.415,1.42,1.414,1.42,34751,4925680.0
20250604,1.42,1.425,1.42,1.423,26919,3829974.0
20250605,1.425,1.429,1.421,1.427,40550,5781811.0
20250606,1.429,1.437,1.428,1.435,17319,2482587.0
20250609,1.435,1.44,1.433,1.436,29903,4295350.0
20250610,1.435,1.436,1.419,1.425,32053,4564937.0
20250611,1.424,1.435,1.424,1.432,45681,6546255.0
20250612,1.428,1.431,1.424,1.428,50300,7182489.0
20250613,1.43,1.432,1.424,1.429,42028,6002829.0
20250616,1.428,1.431,1.426,1.428,39925,5702307.0
20250617,1.428,1.434,1.423,1.434,48979,7007575.0
20250618,1.434,1.438,1.431,1.435,31282,4482910.0
20250619,1.434,1.434,1.411,1.422,24652,3498457.0
20250620,1.422,1.423,1.416,1.419,33418,4742109.0
20250623,1.422,1.426,1.413,1.423,54008,7680151.0
20250624,1.413,1.435,1.413,1.434,31226,4469762.0
20250625,1.433,1.449,1.433,1.449,271797,39204404.0
20250626,1.448,1.455,1.445,1.446,55759,8086639.0
20250627,1.445,1.453,1.441,1.444,59881,8650945.0
20250630,1.447,1.454,1.444,1.453,48428,7024968.0
20250701,1.449,1.456,1.448,1.456,38822,5646728.0
20250702,1.455,1.461,1.452,1.46,39484,5756513.0
20250703,1.461,1.463,1.454,1.46,42453,6194674.0
20250704,1.46,1.467,1.456,1.459,45241,6614781.0
20250707,1.459,1.464,1.457,1.463,54998,8041736.0
20250708,1.463,1.471,1.462,1.469,50404,7401556.0
20250709,1.471,1.476,1.466,1.468,19200,2826295.0
20250710,1.474,1.48,1.468,1.476,39580,5834191.0
20250711,1.477,1.495,1.475,1.48,38163,5669140.0
20250714,1.48,1.492,1.48,1.485,51242,7625360.0
20250715,1.485,1.489,1.471,1.482,36274,5368143.0
20250716,1.482,1.486,1.474,1.477,50652,7492735.0
20250717,1.476,1.485,1.475,1.485,36017,5332394.0
20250718,1.485,1.493,1.485,1.493,26473,3943440.0
20250721,1.511,1.543,1.511,1.543,430096,65864380.0
20250722,1.558,1.58,1.544,1.58,91084,14212633.0
20250723,1.592,1.592,1.559,1.562,89487,14093327.0
20250724,1.551,1.571,1.543,1.569,82652,12890789.0
20250725,1.565,1.565,1.545,1.547,56626,8786283.0
20250728,1.541,1.547,1.537,1.546,70832,10927603.0
20250729,1.559,1.559,1.533,1.551,29382,4531151.0
20250730,1.552,1.558,1.539,1.545,54940,8496758.0
20250731,1.539,1.539,1.517,1.521,44410,6786506.0
20250801,1.521,1.524,1.507,1.512,59520,9009964.0
20250804,1.505,1.517,1.505,1.517,19997,3023789.0
20250805,1.52,1.527,1.518,1.527,25605,3898248.0
20250806,1.528,1.543,1.527,1.541,47450,7295622.0
20250807,1.541,1.548,1.532,1.539,57528,8848831.0
20250808,1.539,1.549,1.534,1.545,37409,5780953.0
20250811,1.546,1.547,1.54,1.543,62957,9722363.0
20250812,1.542,1.549,1.54,1.548,52115,8051394.0
20250813,1.546,1.554,1.546,1.551,77621,12042363.0
20250814,1.562,1.562,1.537,1.539,77987,12054374.0
20250815,1.539,1.552,1.536,1.549,91638,14164700.0
20250818,1.548,1.565,1.548,1.557,93428,14558338.0
20250819,1.557,1.563,1.546,1.548,69313,10766111.0
20250820,1.535,1.559,1.535,1.559,63273,9783029.0
20250821,1.56,1.571,1.558,1.564,60487,9463157.0
20250822,1.563,1.582,1.557,1.582,77922,12209706.0
20250825,1.582,1.609,1.582,1.604,64321,10300294.0
20250826,1.613,1.613,1.59,1.602,107031,17159020.0
20250827,1.601,1.611,1.575,1.576,118615,18892084.0
20250828,1.57,1.593,1.561,1.593,91784,14492697.0
20250829,1.594,1.608,1.584,1.589,72814,11590279.0
20250901,1.59,1.594,1.576,1.586,59007,9344094.0
20250902,1.576,1.585,1.561,1.571,40973,6433860.0
20250903,1.574,1.574,1.542,1.548,52887,8240466.0
20250904,1.545,1.545,1.518,1.533,111185,17010000.0
20250905,1.533,1.547,1.526,1.544,74448,11437443.0
20250908,1.536,1.557,1.536,1.555,89568,13869856.0
20250909,1.549,1.558,1.539,1.547,95490,14785519.0
20250910,1.544,1.553,1.539,1.548,80343,12441346.0
20250911,1.548,1.572,1.542,1.572,35175,5481308.0
20250912,1.572,1.576,1.566,1.566,67789,10638780.0
20250915,1.564,1.572,1.559,1.563,59463,9286238.0
20250916,1.563,1.564,1.542,1.554,78499,12176867.0
20250917,1.555,1.562,1.55,1.56,118837,18526900.0
20250918,1.552,1.569,1.533,1.542,88249,13699282.0
20250919,1.545,1.556,1.545,1.55,73547,11390722.0
20250922,1.544,1.547,1.535,1.547,18575,2863649.0
20250923,1.542,1.548,1.524,1.54,25233,3873501.0
20250924,1.534,1.549,1.534,1.547,34663,5349339.0
20250925,1.542,1.551,1.542,1.547,52062,8057344.0
20250926,1.547,1.562,1.544,1.545,93182,14444823.0
20250929,1.56,1.564,1.534,1.556,137076,21235356.0
20250930,1.557,1.567,1.557,1.567,36256,5672046.0
20251009,1.565,1.61,1.565,1.609,70314,11277895.0
20251010,1.61,1.615,1.598,1.602,55022,8835927.0
20251013,1.586,1.6,1.572,1.598,37960,6049686.0
20251014,1.605,1.614,1.585,1.592,70919,11347570.0
20251015,1.592,1.602,1.58,1.6,33580,5353894.0
20251016,1.6,1.607,1.593,1.598,52011,8312899.0
20251017,1.597,1.598,1.562,1.563,43548,6865899.0
20251020,1.563,1.578,1.56,1.568,47066,7374194.0
20251021,1.583,1.594,1.581,1.592,28345,4506219.0
20251022,1.62,1.62,1.581,1.591,53621,8518093.0
20251023,1.584,1.598,1.576,1.597,28672,4549789.0
20251024,1.6,1.608,1.596,1.603,47059,7535193.0
20251027,1.612,1.7,1.605,1.628,79468,12914693.0
20251028,1.619,1.628,1.615,1.618,39957,6476279.0
20251029,1.623,1.639,1.621,1.637,42732,6964598.0
20251030,1.716,1.801,1.632,1.635,676360,111347056.0
20251031,1.63,1.63,1.601,1.608,233180,37657364.0
20251103,1.608,1.616,1.595,1.615,176034,28266120.0
20251104,1.609,1.622,1.597,1.604,107472,17329492.0
20251105,1.592,1.616,1.585,1.611,162126,26035554.0
20251106,1.611,1.64,1.598,1.636,214838,35081904.0
20251107,1.625,1.642,1.625,1.633,89068,14580574.0
20251110,1.633,1.641,1.63,1.64,112092,18336576.0
20251111,1.64,1.647,1.629,1.635,64539,10551131.0
20251112,1.628,1.637,1.618,1.627,86103,14012798.0
20251113,1.626,1.638,1.624,1.638,126966,20731708.0
20251114,1.638,1.638,1.615,1.615,68965,11207349.0
20251117,1.615,1.618,1.6,1.604,35635,5721239.0
20251118,1.588,1.603,1.583,1.588,48555,7725260.0
20251119,1.588,1.598,1.586,1.594,121415,19341708.0
20251120,1.6,1.6,1.586,1.588,48855,7783882.0
20251121,1.585,1.585,1.549,1.55,113036,17651474.0
20251124,1.55,1.56,1.548,1.558,82143,12755177.0
20251125,1.564,1.571,1.557,1.565,79161,12397016.0
20251126,1.565,1.565,1.556,1.556,54022,8428554.0
20251127,1.558,1.562,1.551,1.551,44112,6865918.0
20251128,1.554,1.564,1.546,1.562,135800,21125108.0
20251201,1.56,1.574,1.56,1.574,45614,7163290.0
20251202,1.574,1.576,1.567,1.57,49588,7790049.0
20251203,1.57,1.578,1.567,1.571,61765,9702669.0
20251204,1.572,1.577,1.567,1.57,50620,7949981.0
20251205,1.578,1.586,1.569,1.584,85043,13414743.0
20251208,1.583,1.594,1.583,1.585,61909,9839511.0
20251209,1.58,1.585,1.569,1.571,67056,10555102.0
20251210,1.578,1.578,1.563,1.575,74265,11670361.0
20251211,1.577,1.582,1.564,1.564,84747,13314090.0
20251212,1.564,1.584,1.564,1.581,59777,9391951.0
20251215,1.579,1.586,1.574,1.576,46495,7348305.0
20251216,1.569,1.569,1.553,1.557,54309,8456165.0
20251217,1.556,1.576,1.551,1.575,62925,9810603.0
20251218,1.575,1.583,1.573,1.574,58916,9285540.0
20251219,1.57,1.592,1.57,1.587,40097,6367372.0
20251222,1.594,1.6,1.594,1.594,64800,10344980.0
20251223,1.587,1.602,1.587,1.595,79534,12697405.0
20251224,1.595,1.606,1.59,1.604,93994,15053971.0
20251225,1.605,1.614,1.604,1.61,119689,19275170.0
20251226,1.608,1.62,1.605,1.619,104847,16909944.0
20251229,1.619,1.623,1.61,1.612,66007,10685805.0
20251230,1.603,1.618,1.601,1.611,65736,10590077.0
20251231,1.611,1.62,1.611,1.616,114962,18568050.0
20260105,1.618,1.637,1.618,1.637,37965,6199761.0
20260106,1.637,1.665,1.636,1.664,68729,11350222.0
20260107,1.666,1.677,1.659,1.665,83870,13986408.0
20260108,1.65,1.683,1.65,1.68,38675,6471797.0
20260109,1.682,1.705,1.682,1.697,89301,15132710.0
20260112,1.697,1.724,1.69,1.724,46221,7908361.0
20260113,1.732,1.732,1.695,1.7,34743,5926250.0
20260114,1.7,1.732,1.694,1.702,55655,9566278.0
20260115,1.694,1.698,1.682,1.689,25709,4344435.0
20260116,1.689,1.715,1.683,1.686,31814,5415583.0
20260119,1.689,1.715,1.686,1.708,25975,4428763.0
20260120,1.712,1.725,1.694,1.717,37894,6488482.0
20260121,1.717,1.726,1.71,1.717,52980,9117450.0
20260122,1.718,1.738,1.718,1.73,21464,3712627.0
20260123,1.73,1.743,1.73,1.736,40225,6989207.0
20260126,1.75,1.751,1.728,1.74,17250,3002387.0
20260127,1.732,1.74,1.714,1.718,327972,56495456.0
20260128,1.727,1.756,1.722,1.741,43430,7539260.0
20260129,1.741,1.745,1.724,1.74,32251,5585848.0
20260130,1.732,1.738,1.686,1.715,56811,9716028.0
20260202,1.698,1.711,1.666,1.67,66783,11230975.0
20260203,1.678,1.696,1.668,1.696,66093,11094543.0
20260204,1.696,1.716,1.695,1.715,67786,11551565.0
20260205,1.704,1.71,1.684,1.696,78199,13249298.0
20260206,1.69,1.703,1.676,1.689,49001,8311412.0
20260209,1.705,1.71,1.7,1.709,57558,9821900.0
20260210,1.718,1.719,1.705,1.719,70873,12156429.0
20260211,1.722,1.73,1.721,1.721,53696,9273926.0
20260212,1.731,1.747,1.723,1.744,82056,14290067.0
20260213,1.742,1.746,1.712,1.714,85863,14768919.0
20260224,1.713,1.763,1.713,1.761,63204,11114251.0
20260225,1.761,1.787,1.761,1.772,77097,13691046.0
20260226,1.772,1.789,1.768,1.788,55731,9935931.0
20260227,1.789,1.8,1.779,1.796,68513,12272402.0
20260302,1.788,1.836,1.788,1.831,40343,7355603.0
20260303,1.832,1.843,1.798,1.798,55153,10031931.0
20260304,1.791,1.814,1.778,1.808,30760,5534870.0
20260305,1.808,1.837,1.808,1.831,80691,14757494.0
20260306,1.831,1.842,1.812,1.836,49832,9120840.0
20260309,1.826,1.838,1.815,1.834,55667,10194557.0
20260310,1.834,1.839,1.82,1.836,73270,13428342.0
20260311,1.836,1.848,1.832,1.847,71783,13218719.0
20260312,1.848,1.856,1.833,1.849,83795,15474650.0
20260313,1.846,1.85,1.82,1.825,51233,9422565.0
20260316,1.82,1.828,1.785,1.791,128600,23082084.0
20260317,1.791,1.796,1.757,1.759,93301,16546001.0
20260318,1.756,1.768,1.74,1.767,89875,15747166.0
20260319,1.758,1.758,1.734,1.74,97076,16942316.0
20260320,1.74,1.743,1.705,1.706,80657,13908536.0
20260323,1.667,1.693,1.647,1.656,59985,10075952.0
20260324,1.656,1.681,1.65,1.679,59721,9930393.0
20260325,1.69,1.71,1.69,1.709,81857,13964943.0
20260326,1.703,1.707,1.679,1.683,26706,4509880.0
20260327,1.658,1.694,1.658,1.689,19775,3330000.0
